"Point d'échantillonnage","Date","%OD","O2 (mg/L)","Conductivité (µs/cm2)","pH","Température (oC)","Signe COLI","COLI","MÉTÉO","Ag (µg/L)","Al (µg/L)","As (µg/L)","Ba (µg/L)","Be (µg/L)","Ca (µg/L)","Cd (µg/L)","Co (µg/L)","COT (µg/L)","Cr (µg/L)","Cu (µg/L)","Fe (µg/L)","K (µg/L)","Mg (µg/L)","Mn (µg/L)","Mo (µg/L)","Na (µg/L)","NH3 (µg/L)","Ni (µg/L)","Ptot (µg/L)","Pb (µg/L)","MES  (mg/L)","Sb (µg/L)","Se (µg/L)","Sn2 ug/L","U (µg/L)","V (µg/L)","Zn (µg/L)"
"AAO-0.0","2011-06-07  11:25:48","82","7,55","1361","7,7","17","=","190","1","0,1","677,8","0,6","73,4","0,1","98980","0,1","0,6","4","1,6","3,54","993,8","3754","33920","109,6","3,9",,"109,4","3","91","2,2","25,1","0,5","0,5","1","1,8","2,2","11,6"
"AAO-0.0","2011-07-19  12:04:40","52","4,61","1416","7,7","21,1","=","27","1","0,1","104","0,9","70,2","0,1","106358","0,1","0,2","4,2","0,4","1,967","249,4","4444","36900","32,1","4,1","131660","23,5","2,2","59","0,6","3,3","0,5","0,5","1","1,8","1,3","7,5"
"AAO-0.0","2011-10-03  10:56:51","72","7,47","797","7,5","13,2","=","1300","0","0,1","695,8","0,5","54,6","0,1","67400","0,1","0,4","4,7","1,7","3,748","691,2","3028","19000","32,2","2,6","58900","34,8","2,4","58","1,2","10,5","0,5","0,5","1","1,1","1,7","9,2"
"AAO-0.0","2011-10-18  11:14:45","81","8,69","1368","7,8","11,8","=","120","-2","0,1","356,8","0,5","73,9","0,1","102312","0,1","0,3","4,4","0,8","3,226","499,4","4166","32000","42,1","3,6","119688","38,8","2,9","52","0,8","6,1","0,5","0,5","1","1,8","1,3","7,5"
"AAO-0.0","2011-11-14  11:28:38","83","9,24","1325","7,8","10,4","=","130","1","0,1","232,4","0,5","78,4","0,1","119050","0,1","0,2","3,4","0,9","1,694","436","4722","41240","38,2","4","109076","49,4","2,6","35","0,9","6,3","0,5","0,5","1","1,9","1","9,1"
"AAO-0.0","2011-05-11  11:54:35","99","10,98","1442","7,9","10,6","=","370","1","0,1","73,5","0,3","69,7","0,1","112820","0,1","0,2","3","0,3","1,497","341,8","3610","36120","51,2","3,2","121830","20","2,2","24","0,2","3,6","0,5","0,5","1","2,1","0,7","5,7"
"AAO-0.0","2011-06-20  12:55:30","113","11,21","1432","7,9","15,4","=","640","-2","0,1","81,5","0,7","73,1","0,1","117218","0,1","0,3","3,7","0,3","2,346","399,6","4296","39160","63,9","4,4","134884","157,5","2,8","48","0,5","4,3","0,5","0,5","1","1,9","1","4,9"
"AAO-2.0P4","2011-05-11  12:13:17","102","10,57","778","7,9","13,8","=","99","1","0,1","156,5","0,2","101,8","0,1","80520","0,1","0,1","2,9","0,3","1,16","187,8","2640","31260","14","4,4","27640","20","1,9","15","0,2","2,2","0,5","0,5","1","1,4","0,8","3"
"AAO-2.0P4","2011-06-07  11:45:00","96","9,12","756","7,8","17,8","=","45","1","0,1","1145,8","0,5","118,7","0,1","74320","0,1","0,7","4,1","1,9","2,784","1209","2656","30240","59,4","4,6","26080","30","3,4","180","0,8","16,5","0,5","0,5","1","1,4","2,6","7,1"
"AAO-2.0P4","2011-06-20  13:08:24","94","8,35","777","7,9","20,9","=","54","-2","0,1","1156,2","1,5","133,3","0,1","84480","0,1","0,8","4,8","2,1","3,438","1335,4","3062","35280","80,1","6,3","33000","98,8","4,2","262","1","11,9","0,5","1,4","1","1,4","2,9","8,2"
"AAO-2.0P4","2011-07-19  12:21:50","89","8,02","701","7,9","20","=","310","1","0,1","247,2","0,8","108,9","0,1","75460","0,1","0,3","6,3","1,1","1,51","373","2724","28960","73,1","3,4","28320","20","2,7","81","0,2","20,6","0,5","0,5","1","0,7","1,4","4,5"
"AAO-2.0P4","2011-10-03  11:17:19","68","7,18","644","7,7","12,5","=","170","0","0,1","168,5","0,3","88,9","0,1","61160","0,1","0,2","4,4","0,4","2,15","213","3102","22560","21,8","3,9","27580","75,1","1,9","38","0,2","3,3","0,5","0,5","1","0,8","0,8","3,7"
"AAO-2.0P4","2011-10-18  11:31:57","87","9,41","876","8","11,3","=","250","-2","0,1","282,6","0,3","126,9","0,1","83260","0,1","0,2","3,5","0,4","1,204","306,4","3548","32320","34,9","5,1","37660","20","1,9","26","0,2","2,1","0,5","0,5","1","1,3","1,1","3"
"AAO-2.0P4","2011-11-14  11:49:43","94","10,26","862","8,1","11,1","=","81","1","0,1","129,4","0,3","129,5","0,1","97180","0,1","0,1","2,8","0,5","0,733","196,7","4126","37380","29,8","5,9","33720","20","1,6","35","0,2","4,2","0,5","0,5","1","1,4","0,8","4,8"
"AAO-3.3P6","2011-05-11  12:30:43","102","11,03","1443","7,9","11,6","=","2600","1","0,1","151,7","0,5","47,5","0,1","124570","0,1","0,4","2,8","0,9","65,88","501,4","7364","64260","132,1","2,3",,"20","12,4","61","0,3","5,4","0,5","0,5","1","1,6","1,7","13"
"AAO-3.3P6","2011-06-07  12:05:00","91","9","1459","7,8","15,2","=","7000","1","0,1","100,4","0,3","50,8","0,1","114196","0,1","0,2","3,4","0,3","3,628","278,4","4118","32580","58,3","2,8","119482","274,8","2,2","107","0,3","5,5","0,5","0,5","1","1,7","0,8","10,5"
"AAO-3.3P6","2011-06-20  13:18:55","90","8,71","1234","8","16,3","=","27000","-2","0,1","120,2","0,7","47,5","0,1","102392","0,1","0,2","4,4","0,4","12,81","315,4","4562","28440","62,9","2,6","106192","902,7","3,1","129","0,4","8,5","0,5","0,6","1","1,3","1","7,5"
"AAO-3.3P6","2011-07-19  12:34:59","69","6,28","1330","7,7","19,8","=","5000","1","0,1","86,1","0,5","54,2","0,1","113110","0,1","0,2","4,7","0,4","4,844","297,6","4440","29840","44,6","2,9","114942","315,4","2,3","101","0,4","3,6","0,5","0,5","1","1,5","1,2","8,9"
"AAO-3.3P6","2011-10-03  11:30:49","75","7,43","984","7,6","15,5","=","59000","0","0,1","72,1","0,4","49,7","0,1","106208","0,1","0,2","3,2","0,3","5,016","161,9","3874","26540","36,9","2,6","56220","82,8","2,3","58","0,2","2,7","0,5","0,5","1","1,6","0,9","10,7"
"AAO-3.3P6","2011-10-18  11:48:52","90","9,24","1220","7,9","14,1","=","4400","-2","0,1","61,3","0,4","55,3","0,1","116756","0,1","0,2","2,7","0,5","3,744","223,2","4252","30640","60,8","2,5","82980","43,2","2,6","51","0,2","3","0,5","0,5","1","1,6","0,9","6,4"
"AAO-3.3P6","2011-11-14  12:00:29","71","7,45","1217","7,9","12,9","=","12000","1","0,1","563,2","0,5","56,5","0,1","116674","0,1","0,6","4,6","1,9","9,348","987,2","4964","33440","83,5","2,6","98180","352,4","3,1","149","1,4","25,2","2,59","0,5","1","1,5","2,1","21,5"
"AAO-3.5","2011-05-11  13:18:43","113","12,01","1240","8,2","13,1","<","10","1","0,1","76,4","0,2","66,4","0,1","99660","0,1","0,1","3","0,3","1,367","191,9","2758","32820","23,3","3,5","90380","20","2","13","0,2","2,9","0,5","0,5","1","1,7","0,6","3"
"AAO-3.5","2011-06-07  12:29:15","92","9,23","1327","7,7","15","=","54","1","0,1","81,8","0,4","65,5","0,1","97840","0,1","0,2","3","0,3","0,867","334,8","3018","31120","40","3,7","99460","93,8","2","26","0,2","3,8","0,5","0,5","1","1,6","0,7","3"
"AAO-3.5","2011-06-20  13:25:18","88","8,92","1532","7,6","14,4","<","10","-2","0,1","164,1","0,8","71,2","0,1","114592","0,1","0,4","3,2","0,3","1,133","799,2","3636","40880","56,8","4,9","153640","67,6","2,9","29","0,2","7","0,5","0,5","1","1,9","1,1","3,6"
"AAO-3.5","2011-07-19  13:10:54","73","7,4","1577","7,5","14,4","=","130","1","0,1","67,1","0,8","68,3","0,1","110202","0,1","0,3","3,5","0,3","1,734","703,8","4156","39760","60,9","7,3","149906","46,6","2,3","24","0,2","3,5","0,5","0,5","1","1,8","0,8","5"
"AAO-3.5","2011-10-03  11:37:37","74","7,73","933","7,6","13","=","600","0","0,1","352","0,4","65,1","0,1","78680","0,1","0,3","3,4","0,8","2,364","440,6","2826","23600","22,5","3,2","77160","20","2,5","31","0,6","9,8","0,5","0,5","1","1,3","1,1","8,3"
"AAO-3.5","2011-10-18  12:27:08","99","10,39","1415","8,1","12","=","180","-2","0,1","112,2","0,4","78,7","0,1","102926","0,1","0,2","3,7","0,3","1,331","392,2","3786","35980","31,7","4,1","121790","20","2,4","24","0,4","5,2","0,5","0,5","1","2","0,7","4,2"
"AAO-3.5","2011-11-14  12:58:40","83","8,99","1401","8","17,3","=","540","1","0,1","159,8","0,6","83,1","0,1","121638","0,1","0,2","2,8","0,7","1,238","632","4536","43600","54,1","4,5","119010","20","2,5","17","0,6","6,3","0,5","0,5","1","2,2","0,7","13"
"AAO-3.6","2011-05-11  14:14:21",,,"1189","8,2","14,8","<","10","1","0,1","222,8","0,2","69,8","0,1","105480","0,1","0,2","2,8","0,3","1,241","325,4","2750","33620","24,5","3,7","89020","20","2,4","20","0,3","8","0,5","0,5","1","1,7","0,9","3,8"
"AAO-3.6","2011-06-07  13:18:42","105","10","1148","7,9","17,3","=","81","1","0,1","111","0,4","62,6","0,1","88900","0,1","0,2","2,7","0,3","0,764","234,6","2404","27960","27","3,6","76340","53,2","1,8","28","0,2","4","0,5","0,5","1","1,2","0,8","3"
"AAO-3.6","2011-06-20  14:08:06","105","9,92","1187","8","18,1","=","81","-2","0,1","198","0,6","67","0,1","97880","0,1","0,3","2,8","0,4","2,244","488,8","2404","35220","30","5,1",,"40,3","2,3","38","0,3","8,9","0,5","0,5","1","1,4","1,3","4,2"
"AAO-3.6","2011-07-19  14:09:57","100","8,96","1098","7,8","21,1","=","99","1","0,1","172,1","0,7","58","0,1","83100","0,123","0,3","3,3","0,9","2,098","493,2","2912","31940","31,3","14,6","88880","22,2","2,2","38","0,4","7,1","0,5","0,5","1","1,1","1,3","13"
"AAO-3.6","2011-10-03  12:15:07","75","7,74","934","7,9","12,8","=","590","0","0,1","346,4","0,4","65","0,1","76180","0,1","0,3","3,2","0,6","1,715","433,2","2532","22780","21,2","3,2","70280","20","2,3","33","0,4","10","0,5","0,5","1","1,2","1,1","7,9"
"AAO-3.6","2011-10-18  13:10:07","82","8,84","1208","7,7","11,6","=","140","-2","0,1","268","0,3","82,7","0,1","97940","0,1","0,3","2,8","0,3","1,212","362","2900","32660","18,1","4","92960","20","2,5","29","0,3","7,9","0,5","0,5","1","1,6","1","3,9"
"AAO-3.6","2011-11-14  13:46:24","105","11,41","1117","8","11,5","<","10","1","0,1","320,4","0,4","70,8","0,1","103004","0,1","0,3","2,4","0,9","1,064","516,8","3146","35340","21,4","4,9","91080","20","2,2","21","0,3","8,9","0,5","0,5","1","1,6","1,2","4,3"
"AAO-3.9P7","2011-05-11  13:59:57","109","11,39","1128","7,9","13,3","<","10","1","0,1","149,3","0,2","84,3","0,1","92520","0,1","0,2","2,1","0,3","0,986","245,2","2020","28480","20,6","2,5","83540","20","2,1","16","0,4","6,2","0,5","0,5","1","1,1","0,6","3"
"AAO-3.9P7","2011-06-07  13:07:34","91","9,33","1177","7,7","14,2","=","27","1","0,1","63,5","0,4","89,4","0,1","95680","0,1","0,2","2,7","0,3","0,815","197,5","2094","30340","31,9","3,2","95800","20","2,2","30","0,4","1,1","0,5","0,5","1","1,1","0,5","3"
"AAO-3.9P7","2011-06-20  13:56:53","92","9,16","1182","7,9","15,3","=","220","-2","0,1","387,6","0,4","101,4","0,1","105916","0,1","0,4","2,5","0,7","2,954","608","2296","34000","43,8","3,4","98780","55,6","3,5","43","1,3",,"0,5","0,5","1","1,3","1,1","5,2"
"AAO-3.9P7","2011-10-03  12:07:57","72","7,41","1318","7,9","13,2","=","300","0","0,1","51,4","0,3","95,6","0,1","100584","0,1","0,2","3,3","0,3","1,626","146,8","2752","29700","20,7","3,7","122316","20","2,4","19","0,3","3","0,5","0,5","1","1,5","0,4","3"
"AAO-3.9P7","2011-10-18  13:01:30","91","9,47","1344","8","12,2","=","72","-2","0,1","92,7","0,2","104,4","0,1","108138","0,1","0,2","2,7","0,3","1,161","177,1","2664","34820","18,7","3,5","115586","20","2,7","11","0,3","3,1","0,5","0,5","1","1,5","0,4","3"
"AAO-3.9P7","2011-11-14  13:36:55","84","8,7","1206","7,9","13,5","=","18","1","0,1","992,8","0,4","111,5","0,1","122862","0,1","0,7","2,3","1,8","2,628","1149,2","2958","38020","41,5","3,3","98340","20","4,8","11","1,5","5,5","0,5","0,5","1","1,6","2","11"
"AAO-6.4P12","2011-05-11  13:40:54","121","11,34","1437","8,1","18,8","<","10","1","0,1","28,3","0,2","46,3","0,1","111808","0,1","0,1","1,8","0,3","1,105","66,9","2848","34660","9,4","5,2","121688","20","2,9","4","0,2","1,8","0,5","0,5","1","2","0,4","3,3"
"AAO-6.4P12","2011-06-07  12:51:04",,,"1305","8,1","19,3","=","27","1","0,1","24,6","0,3","45,7","0,1","108088","0,1","0,1","2","0,3","1,062","71,7","2642","33960","6,1","5,9","125170","20","2,7","7","0,2","1,7","0,5","0,5","1","1,9","0,4","6,9"
"AAO-6.4P12","2011-06-20  13:43:03",,,"1292","8,2","22","=","36","-2","0,1","11,6","0,3","46,6","0,1","97320","0,1","0,1","2,3","0,3","1,757","57,3","2554","36460","6,4","6,2",,"20","3,8","5","0,2","0,9","0,5","0,5","1","1,9","0,4","3"
"AAO-6.4P12","2011-07-19  13:48:09","118","9,85","1286","7,9","24,3","=","310","1","0,1","11,9","0,5","49,5","0,1","94160","0,1","0,2","2,3","0,3","0,909","57,5","2402","35200","5,3","6,6",,"20","2,3","12","0,2","0,7","0,5","0,5","1,2","1,8","0,5","3"
"AAO-6.4P12","2011-10-03  11:52:34","77","8,13","1383","7,6","12,9","=","110","0","0,1","22,8","0,2","57,3","0,1","115206","0,1","0,1","2,3","0,3","0,8","51,5","2894","36340","5","5,3","119004","20","2,7","4","0,2","1,3","0,5","0,5","1","2,1","0,5","3"
"AAO-6.4P12","2011-10-18  12:44:35","95","10,39","1400","8","12","=","170","-2","0,1","47,6","0,2","54,2","0,1","111598","0,1","0,2","2","0,3","0,533","69,2","2846","37620","7,1","5,6","120608","20","2,7","4","0,2","2,2","0,5","0,5","1","2,1","0,7","3"
"AAO-6.4P12","2011-11-14  13:21:16","106","11,08","1190","8,1","13,4","<","10","1","0,1","97,8","0,3","53","0,1","114698","0,1","0,2","1,9","0,6","0,565","160,2","2952","35680","11,5","5,7","105922","20","2,8","8","0,3","3,7","0,5","0,5","1","1,8","0,9","5,7"
"AAO-6.5","2011-05-11  13:35:47",,,"1091","8,3","17,5","<","10","1","0,1","100,3","0,4","55","0,1","103858","0,1","0,2","5,7","0,3","1,899","289,2","3602","32700","49,7","4,1","60020","20","2,6","74","0,2","7,7","0,5","0,5","1","2,5","0,8","3,5"
"AAO-6.5","2011-06-07  12:41:00","89","8,31","1153","7,8","18,3","=","370","1","0,1","180,8","0,8","65,2","0,1","117264","0,1","0,3","3,9","0,3","1,398","348,6","4012","36600","58,6","6,9","77580","128,6","2,7","54","0,3","5,3","0,5","0,5","1","2,3","1,3","4"
"AAO-6.5","2011-06-20  13:35:17",,,"1136","8,3","20,1","=","590","-2","0,1","110,7","0,8","61,5","0,1","107054","0,1","0,2","3,7","0,5","1,558","225,6","2508","34920","19,3","6,8","81860","30,6","2,1","52","0,3","31,3","0,5","0,5","1","2,3","1,4","3"
"AAO-6.5","2011-07-19  13:39:45","113","9,38","871","8,2","24,2","=","640","1","0,1","1935","1,5","79,1","0,1","82840","0,1","1,1","4,9","3,2","4,1","2014","4072","25600","99,1","4,4","58640","71","4,2","226","2,9","78,1","0,5","0,5","1","1,5","5,2","17,8"
"AAO-6.5","2011-10-03  11:50:47","67","7,08","799","7,6","13","=","2200","0","0,1","343,4","0,5","53,9","0,1","82220","0,1","0,5","6,6","0,6","2,602","393","3534","24340","20","3,7","38980","34,4","4","49","0,4","10,8","0,5","0,5","1","2,1","1,3","8"
"AAO-6.5","2011-10-18  12:39:41","83","8,74","1180","8","12,2","=","480","-2","0,1","126,7","0,6","71,7","0,1","105796","0,1","0,3","5,2","0,3","1,833","266,8","4236","32980","42,4","4,2","83260","20","3,1","33","0,3","2,8","0,5","0,5","1","2,2","0,8","5,6"
"AAO-6.5","2011-11-14  13:14:23","68","7,25","1291","8,1","12","=","160","1","0,1","1108,4","0,8","91,2","0,1","123006","0,1","0,9","6","2,4","2,742","1364,6","5248","38300","176,7","5,3","105164","87","4,1","103","2,1","34","0,5","0,5","1","2,4","2,6","45,4"
"ANG-2","2011-05-10  15:12:10","111","10,61","490","8,1","17,4","<","10","1","0,1","25,1","0,6","36,1","0,1","76380","0,1","0,1","5,1","0,3","1,063","66,2","1893,6","14576","23,3","1","6942","20","0,7","24","0,3","2,6","0,5","0,5","1","1,3","0,7","3"
"ANG-2","2011-06-08  13:16:19",,,"331","9,1","27,1","<","10","1","0,1","19,1","0,9","24,5","0,1","37780","0,1","0,1","6","0,3","1,243","38,5","736,6","14782","5,7","1","6792","20","0,7","21","0,3","1,9","0,5","0,5","1","1,1","1,2","4,5"
"ANG-2","2011-06-27  14:39:26","123","9,7","296","9","28,1","<","10","-2","0,1","15,4","1","23","0,1","32560","0,1","0,1","5,9","0,3","0,851","46,6","795,4","14008","7,8","1","6930","20","0,6","14","0,2","0,5","0,5","0,5","1","0,8","1,3","9,1"
"ANG-2","2011-08-29  13:44:54","102","9","395","8,2","21,3","=","290","0","0,1","35,9","1,8","35,4","0,1","48140","0,1","0,1","8","0,3","0,649","62,1","2186","13898","39,1","1","7256","20","0,6","25","0,3","5,6","0,5","0,5","1","0,6","1,8","3"
"ANG-2","2011-09-19  13:23:26","93","8,71","396","8,2","18,3","<","10","1","0,1","44,5","1,7","33,3","0,1","49000","0,1","0,1","8","0,3","0,816","80,9","2250","14026","32,7","1","7356","20","0,7","31","0,6","6,1","0,5","0,5","1","0,7","1,6","3"
"ANG-2","2011-11-07  14:32:08","93","11,18","399","8,2","7,5","<","10","0","0,1","59,7","1,2","36,9","0,1","57560","0,1","0,1","6,5","0,6","1,28","105,1","2362","14826","25","1","7474","20","0,8","40","6,7","10,8","0,5","0,5","1","0,6","1","17,2"
"ANG-2","2011-11-22  10:10:55","94","12,37","412","8,2","3,7","<","10","1","0,1","37,3","1,6","40,8","0,1","64760","0,1","0,1","6,3","0,5","1,04","65,2","2652","15916","15,1","1","8118",,"0,7","24","0,5","4,4","0,5","0,6","1","0,7","0,9","8,5"
"BER-0.0","2011-07-05  10:11:46",,,"710","7,6","22,4","=","520","-2","0,1","18,4","0,4","39,3","0,1","56860","0,1","0,1","6,7","0,3","2,128","276,4","2158","10846","64,9","1,7","60380","52,3","1,2","32","0,4","0,9","0,5","0,5","1","0,3","0,5","5,3"
"BER-0.0","2011-11-01  10:06:25","94","11,78","291","8,1","5,6","=","27","1","0,1","270,8","0,5","23,6","0,1","21020","0,1","0,2","5,7","1,2","1,869","447,8","1358,4","4856","23,4","1","17432","46,2","1,1","30","0,6","2,8","0,5","0,5","1","0,2","1","9,1"
"BER-0.0","2011-11-16  10:08:34","61","7,01","689","7,9","9,1","=","260","-1","0,1","102,9","0,7","40,1","0,1","62220","0,18","0,2","3,8","1,2","3,816","537,4","2278","10956","54,9","1,5","49600","50,9","1,4","33","1,7","6","0,5","0,5","1","0,3","0,8","18,2"
"BER-0.0","2011-05-17  09:53:59","74","8,43","972","7,7","8,9","=","540","-1","0,1","195","0,5","40,8","0,1","77460","0,1","0,2","3,6","0,9","3,872","436,2","2864","14434","31,3","2,3","90840","29","1,7","24","0,8","5,6","0,5","0,5","1","0,7","0,8","16,2"
"BER-0.0","2011-06-15  10:09:14","82","7,96","1469","7,6","15,7","=","150","-2","0,1","29,7","0,4","67,1","0,1","121584","0,1","0,2","3","0,3","1,598","352","3656","25200","100,7","1,7","137584","110,1","1,7","21","0,3","3,2","0,5","0,5","1","0,8","0,4","6,5"
"BER-0.0","2011-08-31  10:00:59","87","8,42","1634","7,8","16,3","=","1200","-2","0,1","81,8","0,4","75,6","0,1","137062","0,1","0,3","2,8","0,6","2,318","358,2","4716","27100","60,9","2,1","140936","80","2,4","27","1,2","6,9","0,5","0,5","1","1,2","0,6","7,5"
"BER-0.0","2011-09-27  09:47:54","70","6,93","1559","7,6","15,3","=","550","-1","0,1","61,8","0,5","71,9","0,1","129568","0,1","0,2","9,8","0,8","2,7","391,8","3894","27400","56,9","1,8","133778","50,5","1,8","35","1,1","4,3","0,5","0,5","1,1","0,8","0,6","9,2"
"BER-0.7P1","2011-05-17  10:21:10","95","10,93","1104","7,7","8,9","=","2000","-1","0,1","45,1","0,2","40","0,1","120096","0,1","0,1","2,1","0,3","2,476","121,4","4320","25300","20,8","2,2","75060","20","2,1","13","0,2","2,3","0,5","0,5","1","1,3","0,4","10,4"
"BER-0.7P1","2011-06-15  10:41:05","98","9,8","938","7,8","14,6","=","25000","-2","0,1","46,7","0,4","36,5","0,1","98920","0,1","0,1","2,8","0,3","2,806","140,6","3940","22140","17,2","1,5","56560","20","1,7","22","0,2","1,7","0,5","0,5","1","1,1","0,4","4,1"
"BER-0.7P1","2011-07-05  10:38:01","87","8,23","927","7,8","17,9","=","4900","-2","0,1","69","0,5","32,9","0,1","81440","0,1","0,1","7,7","0,4","4,672","164,5","3260","18008","14","1,3","72720","20","1,4","47","0,2","3,1","0,5","0,5","1","0,9","0,6","4,7"
"BER-0.7P1","2011-08-31  10:24:58","96","9,26","1371","7,9","16,7","=","4700","-2","0,1","15,1","0,2","53,7","0,1","148344","0,1","0,1","2,2","0,3","3,048","71,5","5840","31500","13,4","1,8","74880","20","3,1","22","0,2","1,3","0,5","0,5","1","1,8","0,2","4,7"
"BER-0.7P1","2011-09-27  10:11:42","71","6,87","1132","7,7","17","=","6000","-1","0,1","67,8","0,4","45,6","0,1","122114","0,1","0,1","3,2","0,6","6,064","101,9","4870","26860","14","1,5","66560","91,8","2,5","128","0,2","1,7","0,5","0,5","1","1,3","0,3","5,4"
"BER-0.7P1","2011-11-01  10:37:52","88","9,54","1025","7,7","11,3","=","6000","1","0,1","37,7","0,3","45,1","0,1","118924","0,1","0,1","2,9","0,3","6,308","109,5","4676","24300","15,5","1,5","51660","251,4","2,1","75","0,2","2,1","0,5","0,5","1","1,2","0,4","4,7"
"BER-0.7P1","2011-11-16  10:36:45","84","9,01","1205","7,8","11,7","=","580","-1","0,1","26,4","0,5","51,9","0,1","142674","0,1","0,1","2,7","0,5","3,514","88,2","5028","29980","17,7","1,3","60980","40","2,2","43","0,2","0,7","0,5","0,5","1","1,6","0,3","6,1"
"BER-1.2","2011-05-17  10:06:02","80","9,21","1118","7,6","9","=","640","-1","0,1","138,9","0,3","44,3","0,1","82620","0,1","0,2","4","0,7","3,674","476","2916","14906","39,9","2",,"59,6","1,6","27","0,7","4,7","0,5","0,5","1","0,7","0,9","15,5"
"BER-1.2","2011-06-15  10:29:59","82","8,3","1682","7,4","14,3","=","220","-2","0,1","15,6","0,3","79,5","0,1","148058","0,1","0,3","2,8","0,3","1,149","567,6","3418","27160","113,1","1,6","162146","130,2","1,6","17","0,3","2,2","0,5","0,5","1","0,7","0,3","7,1"
"BER-1.2","2011-07-05  10:25:09","73","6,91","1576","7,4","17,4","=","550","-2","0,1","32,8","0,4","78,8","0,1","134356","0,1","0,2","3,2","0,3","1,434","495,8","3326","26120","109,7","1,5","147256","154","1,7","22","0,7","3,6","0,5","0,5","1","0,6","0,6","11,1"
"BER-1.2","2011-08-31  10:08:48","79","7,94","1735","7,8","16,1","=","1300","-2","0,1","21","0,3","80,4","0,1","130944","0,1","0,2","2,8","0,3","1,971","452,8","4020","24780","77","2","163276","63,4","1,8","20","0,5","3,7","0,5","0,5","1","0,8","0,4","7,8"
"BER-1.2","2011-09-27  09:57:15","69","6,9","1642","7,7","15,1","=","600","-1","0,1","18,4","0,4","85,9","0,1","138640","0,1","0,2","4,1","0,6","1,861","432,6","3728","28260","71,1","1,4","154960","51,7","1,4","35","0,5","1,4","0,5","0,5","1","0,5","0,4","7,3"
"BER-1.2","2011-11-01  10:20:59","78","9,06","1492","7,5","8,2","=","99","1","0,1","26,4","0,3","73,4","0,1","123474","0,1","0,2","2,9","0,5","2,618","575,8","3360","23480","67,7","1,1","128338","29,4","1,3","19","0,6","2,7","0,5","0,5","1","0,5","0,4","10"
"BER-1.2","2011-11-16  10:24:36","65","7,52","1008","7,7","9,2","=","440","-1","0,1","39,2","0,5","56,8","0,1","86220","0,1","0,2","3,8","0,7","2,726","532,4","2782","15534","87,4","1,3","74740","43,2","1,2","30","0,5","3,2","0,5","0,5","1","0,4","0,5","15,6"
"BER-3.3","2011-05-17  10:51:01","92","10,41","1539","7,7","9,5","=","480","-1","0,1","191,7","0,3","47,6","0,1","93040","0,1","0,2","4,1","0,8","3,47","487","4062","19194","35,5","2,9",,"56","1,9","25","0,6","5","0,5","0,5","1","0,9","1","14,2"
"BER-3.3","2011-06-15  11:15:54","89","9,14","1703","7,2","13,9","=","45","-2","0,1","28","0,3","72,4","0,1","123246","0,1","0,2","2,6","0,3","2,09","941","4180","27540","80,6","1,7","191218","87,3","1,8","14","0,2","3,3","0,5","0,5","1","0,5","0,6","7,1"
"BER-3.3","2011-07-05  11:07:36","86","8,44","1511","7,4","15,8","=","27000","-2","0,1","33,9","0,4","70,1","0,1","115182","0,1","0,2","2,6","0,3","1,894","967,8","3712","25620","84","1,4","158280","85,3","1,3","19","0,3","2,6","0,5","0,5","1","0,4","0,8","6,8"
"BER-3.3","2011-08-31  10:54:45","93","9","1724","7,6","16,8","=","590","-2","0,1","25,4","0,3","67,7","0,1","110284","0,1","0,2","3,2","0,3","3,808","702,6","4566","23880","61","2,6","182138","440,7","1,5","30","0,2","2,9","0,5","0,5","1","0,6","0,7","7,7"
"BER-3.3","2011-09-27  10:39:53","84","8,01","1423","7,5","16,7","=","450","-1","0,1","26,9","0,4","64,4","0,1","106864","0,1","0,2","3,5","0,7","2,896","843,2","3652","25000","64,4","1,5","142026","67,6","1,2","19","0,2","3,7","0,5","0,5","1","0,4","0,7","8,8"
"BER-3.3","2011-11-01  11:00:08","94","10,16","1267","7,8","11,8","=","27","1","0,1","28,4","0,3","55,8","0,1","91100","0,1","0,1","2,4","0,6","2,592","762","3268","19752","56,2","1,1",,"76,2","1","16","0,8","2,4","0,5","0,5","1","0,3","0,6","5,4"
"BER-3.3","2011-11-16  11:33:32","89","9,7","1079","8","11,4","=","18","-1","0,1","23,6","1,2","50,4","0,1","83220","0,1","0,1","2,5","0,6","2,922","725,2","2818","19164","54,9","1,5","96660","56","0,9","16","0,2","2","0,5","0,8","1","0,3","0,4","4,3"
"BER-3.7","2011-05-17  11:07:21","98","11,12","833","7,9","9,5","=","370","-1","0,1","172,4","0,4","36,7","0,1","74120","0,1","0,2","5,5","0,6","2,864","299,6","2942","13774","21,2","2,2","65140","20","1,8","34","0,6","4,3","0,5","0,5","1","0,8","0,9","15,7"
"BER-3.7","2011-06-15  11:31:55","114","10,3","1050","7,9","20,6","=","460","-2","0,1","46,9","0,5","59,2","0,1","94600","0,1","0,3","4,7","0,3","1,94","393,6","3080","21160","139","1,8","82320","107,3","1,7","87","0,3","52","0,5","0,5","1","0,5","0,6","7,6"
"BER-3.7","2011-07-05  11:21:30","66","5,51","661","7,7","24,2","=","230","-2","0,1","105,4","1","46,5","0,1","63620","0,1","0,4","7,6","0,5","1,248","1080","2622","12078","318,8","1,3","46620","233,2","2,1","211","0,8","12,3","0,5","0,5","1","0,2","1,2","8,9"
"BER-3.7","2011-08-31  11:12:46","88","8,35","1503","7,8","17,8","=","81","-2","0,1","78,5","0,6","77,3","0,1","123174","0,1","0,5","5,6","0,4","1,412","679,8","3326","24240","222,4","1,9","134828","153,9","2,2","67","0,7","5,1","0,5","0,5","1","0,8","0,8","8,6"
"BER-3.7","2011-09-27  10:56:44","84","7,84","933","8","18","=","580","-1","0,1","41,3","0,6","58","0,1","80060","0,1","0,2","3,5","0,8","0,858","514,2","2308","17442","94,1","1,4","70320","20","1,5","36","0,4","7,2","0,5","0,5","1","0,4","0,5","6,9"
"BER-3.7","2011-11-01  11:13:39","113","13,38","1357","7,8","7,8","<","10","1","0,1","58,3","0,4","61,2","0,1","134932","0,1","0,2","2,1","0,5","1","530,6","2806","25180","76","1,6","96080","20","1,5","23","0,6","11,3","0,5","0,5","1","0,7","0,7","12,4"
"BER-3.7","2011-11-16  11:47:11","92","10,56","752","8","9,3","=","63","-1","0,1","165,8","0,5","30,7","0,1","79640","0,1","0,3","4,1","1,1","2,548","600,4","2336","15664","76,3","2","49920","20","1,6","40","1,3","11,1","0,5","0,5","1","0,3","1","21,8"
"BER-4.6","2011-05-17  11:27:01","82","9,38","742","7,8","9,4","=","440","-1","0,1","184,8","0,4","41,2","0,1","75300","0,1","0,8","8","0,5","2,428","274","2960","15064","22,1","2,1","52120","20","2,5","38","0,5","5,4","0,5","0,5","1","1","0,8","17,4"
"BER-4.6","2011-06-15  11:48:07","45","4,18","644","7,6","18,4","=","520","-2","0,1","82,2","0,8","47,5","0,1","60300","0,1","0,4","7,1","0,3","2,408","957,4","3240","13390","170,8","2,8","51800","146,6","2,5","101","0,5","6,6","0,5","0,5","1","0,5","0,8","12,2"
"BER-4.6","2011-07-05  11:31:02",,,"423","7,6","21,5","=","1200","-2","0,1","149,1","0,9","38,9","0,1","38260","0,1","0,3","8,6","0,5","2,846","811,2","2614","7514","231,2","1,7","33780","72,2","2,4","104","0,8","10,6","0,5","0,5","1","0,2","1,2","15,4"
"BER-4.6","2011-08-31  11:29:03","68","6,24","751","7,8","19","=","6000","-2","0,1","76,2","0,6","55,4","0,1","80380","0,1","0,4","6,1","0,3","3,078","674,4","3598","20160","99,5","2,9","38520","30,9","3,1","77","0,4","6","0,5","0,5","1","0,9","0,7","9,1"
"BER-4.6","2011-09-27  11:08:11","57","5,38","526","7,8","17,5","=","360","-1","0,1","163","0,8","38,7","0,1","51020","0,1","0,3","3,4","1,5","2,514","543,6","2814","11786","56,3","1,8","30360","73,7","2,3","101","0,9","6,6","0,5","0,5","1","0,4","0,9","18"
"BER-4.6","2011-11-01  11:31:44","46","5,15","1066","7,6","9,9","=","99","1","0,1","42","0,5","71","0,1","108224","0,1","0,3","5,4","0,5","2,492","589","4964","23960","77,4","2,3","68000","148,8","3,9","286","0,4","6,1","0,5","0,8","1","1,2","0,6","19,9"
"BER-4.6","2011-11-16  11:58:41","64","7,08","423","7,9","10,6","=","1700","-1","0,1","209","0,6","42,7","0,1","49280","0,1","0,4","9,2","0,9","3,086","534","3984","8710","55,4","3","23600","20","2,8","468","0,8","26,6","0,5","0,5","1","0,4","1","29,5"
"BOU-0.0","2011-05-10  14:14:23","79","8,42","1255","7,9","12","=","27","1","0,1","218,8","0,4","59,5","0,1","99740","0,108","0,5","12,4","0,6","2,54","778,2","4766","20260","91,6","1,9",,"202,8","2,1","32","1,2","11,5","0,5","0,5","1","1,2","1,1","20,5"
"BOU-0.0","2011-06-08  11:44:48",,,"1150","7,6","20,4","=","90","1","0,1","50,6","0,6","56","0,1","85420","0,1","0,3","16,4","0,3","1,889","652","4810","21740","92,4","1,9",,"78","1,6","30","0,5","4,1","0,5","0,5","1","0,7","0,7","8,8"
"BOU-0.0","2011-06-27  13:38:02","76","6,61","1061","8","22,2","=","170","-2","0,1","61,9","0,5","62,6","0,1","87180","0,1","0,3","5,3","0,4","2,27","478","5962","19630","38,7","2,8",,"267,1","2,1","41","0,5","2,8","0,5","0,5","1","1","1","7,3"
"BOU-0.0","2011-08-29  12:26:10","88","8,37","723","7,9","17,2","=","600","0","0,1","394,8","0,5","49,1","0,1","72960","0,1","0,5","7,5","1,1","4,99","706,2","5596","13232","28,3","4,3","41260","92,5","2,9","52","1","14","0,5","0,5","1","1,3","1,4","22,5"
"BOU-0.0","2011-09-19  11:58:11","90","8,78","1162","8,1","15,8","=","400","1","0,1","186","0,4","69,5","0,1","106048","0,1","0,3","5,3","0,7","2,076","543","6676","25300","36","3,4","95920","20","2,4","24","1,1","8","0,5","0,5","1","1,5","1","9,1"
"BOU-0.0","2011-11-07  13:33:49","97","11,43","978","8,1","7,9","=","90","0","0,1","162,1","0,4","52,9","0,1","88680","0,1","0,2","3,9","0,9","1,94","412,4","4606","21540","24,4","2,7","72120","60,6","2,2","24","0,8","7,2","0,5","0,5","1","1,1","0,8","9,1"
"BOU-0.0","2011-11-21  13:59:51","100","12,83","958","8,1","4,6","=","36","1","0,1","221","0,4","50,9","0,1","83400","0,1","0,3","4,4","1","2,58","457,6","5024","21220","31","2,9","73940","22,8","2,2","58","0,8","7,7","0,5","0,5","1","1,1","1","14,2"
"BOU-1.0","2011-05-10  14:04:47","89","9,15","1294","7,9","13,5","=","81","1","0,1","208,4","0,4","56","0,1","105114","0,1","0,4","15,2","0,6","3,928","781,4","4916","20660","79,4","1,8","124612","217","2,1","47","1,3","11,5","0,5","0,5","1","1,1","1,1","21,7"
"BOU-1.0","2011-06-08  11:33:10",,,"1265","7,7","20,4","=","200","1","0,1","111,9","0,5","56,1","0,1","87500","0,1","0,3","17,7","0,4","2,022","743,4","4864","22800","85,2","1,8",,"97,2","1,7","49","0,7","6","0,5","0,5","1","0,7","0,9","6,4"
"BOU-1.0","2011-06-27  13:29:29","73","6,54","1123","7,9","21,6","=","320","-2","0,1","88,1","0,5","65,9","0,1","94600","0,1","0,3","5,5","0,4","2,276","595,2","6512","21700","53,3","3",,"182,6","2,1","43","0,6","4,6","0,5","0,5","1","1","1,1","7,6"
"BOU-1.0","2011-08-29  12:15:42","85","8,13","715","8","17,3","=","440","0","0,1","586","0,6","50,4","0,1","72100","0,1","0,6","7,7","1,4","5,258","982","5638","13176","32,1","4,2","40000","92,7","3,2","62","1,2","19,7","0,5","0,5","1","1,4","1,8","20,8"
"BOU-1.0","2011-09-19  11:46:20","72","7,22","1155","7,9","15,4","=","410","1","0,1","177,7","0,4","66,7","0,1","101740","0,1","0,3","5,9","1,3","2,016","543","6398","24820","49","3,2","92240","26,4","2,6","27","1,1","9,2","0,5","0,5","1","1,5","0,9","9,2"
"BOU-1.0","2011-11-07  13:19:44","101","11,6","978","8,2","9","=","54","0","0,1","1146,8","0,5","52,1","0,1","136736","0,1","0,4","3,9","1,2","2,642","570,6","14232","30620","34,5","2,8","119394","55","2,5","40","1,4","12,8","0,5","0,5","1","1,1","1","10,6"
"BOU-1.0","2011-11-21  13:47:55","102","13,07","962","8,1","4,7","=","27","1","0,1","313,4","0,5","54,6","0,1","86980","0,1","0,3","4,2","1,1","2,966","578,4","5306","22180","40","3,2","77200","34","2,3","56","1,2","11,1","0,5","0,5","1","1,1","1,2","13,9"
"BOU-1.5P2","2011-05-10  10:59:30","124","13,33","1392","8,1","12","<","10","1","0,1","56,6","0,2","37,7","0,1","96480","0,1","0,1","2,8","0,3","1,603","229,6","3522","27460","24,8","1",,"34,5","1,3","16","0,6","4,7","0,5","0,5","1","0,5","0,6","7"
"BOU-1.5P2","2011-06-08  09:37:42",,,"1602","7,9","17,4","=","910","1","0,1","159","0,3","49,8","0,1","106028","0,1","0,3","2,8","0,7","3,484","555,8","4162","36000","46","1,2","157400","60,4","1,8","43","2","14","0,5","0,5","1","0,4","0,9","11,7"
"BOU-1.5P2","2011-06-27  10:53:21","96","8,81","1530","7,9","18,9","=","63","-2","0,1","47,7","0,5","57,4","0,1","108156","0,102","0,2","2,9","0,3","1,741","357,2","4860","35060","36,9","2,9","161266","72,6","1,8","32","0,7","2","0,5","0,5","1","0,6","0,8","7,7"
"BOU-1.5P2","2011-08-29  10:24:11","82","7,86","820","7,7","17,2","=","2000","0","0,1","74,5","0,3","35,3","0,1","62420","0,1","0,2","2,9","0,4","2,854","209,2","3586","17186","22,6","2,5","56100","20","1,4","24","0,7","3,8","0,5","0,5","1","0,7","0,6","12,1"
"BOU-1.5P2","2011-09-19  09:28:56","91","9,12","1189","8","14,7","=","180","1","0,1","112,2","0,3","49,3","0,1","84260","0,1","0,1","2,6","2,4","2,198","368,2","3986","28720","30,3","1,7",,"20","1,4","25","2,2","7,7","0,5","0,5","1","0,3","1","7,7"
"BOU-1.5P2","2011-11-07  10:24:56","94","10,83","1294","7,9","8,9","=","63","1","0,1","50,6","0,3","43,3","0,1","93340","0,1","0,1","2,4","0,7","1,48","381,8","3398","28640","23,9","2,4",,"20","1,2","27","0,8","3,3","0,5","0,5","1","0,3","0,6","7,2"
"BOU-1.5P2","2011-11-21  10:06:29","96","12,33","1181","8,1","4,6","=","99","1","0,1","76,6","0,3","41,2","0,1","88220","0,1","0,1","2,7","0,9","2,38","399,4","3270","28800","25","1,6",,"20","1,1","26","1,3","4,3","0,5","0,5","1","0,2","0,5","12,5"
"BOU-2.1","2011-05-10  10:49:23","96","10,79","950","8,1","9,2","=","45","1","0,1","389,8","0,4","49,7","0,1","78940","0,197","0,6","15,4","1,6","6,02","1080,6","4144","14888","71,7","1,5","82400","295,5","2,5","63","3,5","31,2","0,5","0,5","1","0,9","1,9","64,3"
"BOU-2.1","2011-06-08  09:30:42",,,"1159","7,5","17,7","=","260","1","0,1","259,4","0,6","59,8","0,1","83820","0,1","0,4","25,2","0,8","4,36","1086,2","5036","19854","102,8","2,1",,"323,1","2,3","65","1,2","14","0,5","0,5","1","0,8","1,2","14,3"
"BOU-2.1","2011-06-27  10:42:25","44","4,15","1041","7,8","17,9","=","600","-2","0,1","243,6","0,6","69,1","0,1","91560","0,1","0,5","6,8","0,9","3,988","900","6702","19644","65,8","3,1","98840","252,7","2,6","64","1,4","16,7","0,5","0,5","1","1,2","1,4","15,4"
"BOU-2.1","2011-08-29  10:17:18","81","7,93","649","7,8","16,1","=","490","0","0,1","29,7","0,7","28,6","0,1","32820","0,1","0,1","8,1","0,3","0,886","31,6","1607,2","10552","2,8","1,2","24860","117,4","0,6","57","0,2","13,9","0,5","0,5","1","0,3","0,5","3"
"BOU-2.1","2011-09-19  09:21:42","54","5,3","1118","7,8","14,5","=","1500","1","0,1","406,6","0,5","78,2","0,1","110894","0,1","0,6","8,9","1,1","3,644","1034,4","7558","25240","83,9","3,8","89460","105,5","3,2","45","1,7","20,9","0,5","0,5","1","1,8","1,5","12,3"
"BOU-2.1","2011-11-07  10:18:19","81","9,73","859","8","7,5","=","63","1","0,1","476","0,6","56,5","0,1","85400","0,1","0,6","3,6","1,5","3,624","948,2","4756","19414","57,9","2,9","57480","94,6","3,2","42","1,6","24","0,5","0,5","1","1,3","1,5","19,4"
"BOU-2.1","2011-11-21  09:57:18","86","11,14","903","8,2","4,3","=","27","1","0,2","772,2","0,6","60,1","0,1","84080","0,12","0,7","4,1","2","5,34","1334,6","5406","19914","69,1","3","68640","85,6","3,5","70","2,4","33,2","0,5","0,5","1","1,3","2,1","20,9"
"BOU-2.9","2011-05-10  10:32:39","84","9,43","2041","7,6","9,7","=","140","1","0,1","217,8","0,7","129,8","0,1","223704","0,1","0,8","651","0,9","3,434","4848","10702","29920","248,8","3,3","178904","1151","3,4","228","1,1","27,3","0,5","0,5","1","2,2","1,4","19,8"
"BOU-2.9","2011-06-08  09:19:36",,,"1455","7,4","19,1","=","270","1","0,1","49,2","0,6","79,8","0,1","105144","0,1","0,3","53,4","0,3","4,382","1253","6794","23760","144,6","2,6","146406","392,2","2,3","49","0,5","5","0,5","0,5","1","1","0,8","9,5"
"BOU-2.9","2011-06-27  10:33:45","54","5,02","1272","7,9","18,3","=","220","-2","0,1","98,9","0,6","89,9","0,1","111520","0,1","0,4","14,1","0,4","2,676","809,2","9078","22900","66,1","4,2","130024","480,3","2,9","43","0,4","5,4","0,5","0,5","1","1,6","1","11"
"BOU-2.9","2011-08-29  10:06:38","88","8,42","571","7,8","17,3","=","180","0","0,1","268,8","0,9","48","0,1","78300","0,239","0,6","9,3","1","4,624","523,2","6510","13940","31,2","5,3","39880","198,5","3,2","51","0,6","9,3","0,5","0,5","1","1,5","1,3","13,4"
"BOU-2.9","2011-09-19  09:10:45","69","6,88","1333","7,8","14,8","=","220","1","0,1","95,6","0,5","93,9","0,1","133492","0,1","0,5","18,9","0,7","2,682","681,8","10882","29360","109,3","5,2","104996","218,1","3,4","29","0,7","6,1","0,5","0,5","1","2,7","0,8","11,9"
"BOU-2.9","2011-11-07  10:07:39","89","10,61","1355","8","7,8","<","10","1","0,1","278,2","0,6","91,6","0,1","139524","0,383","0,6","6,4","1,1","5,422","1229","8940","29760","95,9","3,9","93080","238,2","4,8","36","1,3","15,6","0,5","0,5","1","2,8","1,3","34,7"
"BOU-2.9","2011-11-21  09:46:47","92","11,51","1452","8,2","5,4","=","45","1","0,1","146,2","0,4","89,1","0,1","138662","0,1","0,4","6,3","0,8","3,24","611","9818","30460","77,6","4,1","132228","210,9","3,8","32","0,6","7,5","0,5","0,5","1","2,7","0,9","21,5"
"BOU-2.9P3","2011-05-10  10:36:00","117","12,46","705","8,4","12,3","<","10","1","0,1","413,2","0,3","34,1","0,1","64320","0,1","0,4","3,4","1,1","3,782","709","2650","12908","31,6","1","54540","97,4","2","43","1,4","19,1","0,5","0,5","1","0,6","1,5","19"
"BOU-2.9P3","2011-06-08  09:20:37",,,"729","8,2","20","=","140","1","0,1","268,4","0,4","39,6","0,1","62160","0,1","0,3","3,1","0,7","3,462","472","2940","15404","42,1","1,6","58120","45,3","1,9","37","1,1","12,4","0,5","0,5","1","0,5","1,2","12,8"
"BOU-2.9P3","2011-06-27  10:29:24",,,"696","8,9","20,5","=","81","-2","0,1","100,5","0,4","39,8","0,1","63120","0,1","0,2","3,2","0,3","3,044","238,2","3940","16316","11,6","1,9","54680","20","1,3","26","0,5","8","0,5","0,5","1","0,7","0,9","7,9"
"BOU-2.9P3","2011-08-29  10:05:32","78","7,68","695","7,8","16,2","=","410","0","0,1","345,6","0,4","44,3","0,1","64920","0,106","0,3","6,3","0,9","5,594","559,8","4590","11484","15,7","2,6","25740","29,2","2,3","43","0,8","12","0,5","0,5","1","0,9","1,2","24,1"
"BOU-2.9P3","2011-09-19  09:09:50","98","10,04","824","8,3","14,5","=","230","1","0,1","285,2","0,3","49,3","0,1","81880","0,1","0,3","3,1","1,7","4,996","606","3888","20680","34,4","2,3","58880","20","2","40","1,6","22,4","0,5","0,5","1","0,9","1,1","14,9"
"BOU-2.9P3","2011-11-07  10:05:14","100","11,24","601","8,4","10,3","<","10","1","0,1","152,3","0,4","33","0,1","55060","0,1","0,2","2,2","0,7","1,765","289,2","2422","13510","19,7","2,3","34140","20","1,4","20","0,4","7,7","0,5","0,5","1","0,5","0,8","7,8"
"BOU-2.9P3","2011-11-21  09:45:01","99","12,68","538","8,9","4,7","<","10","1","0,2","1080,8","0,6","41,2","0,1","56540","0,154","0,8","2,5","2,5","6,328","1590,8","2894","14618","47,6","2,7","34240","20","3","88","3,1","50,6","0,5","0,5","1","0,5","2,5","23,7"
"BOU-4.3","2011-05-10  10:37:00","118","13,3","2248","7,9","9,8","=","190","1","0,1","144,4","0,5","82,5","0,1","160330","0,1","0,5","7,9","0,4","3,056","620,4","7574","31160","88,9","4","266780","91,6","3,1","36","0,6","10,4","0,5","0,5","1","3","0,9","9,8"
"BOU-4.3","2011-06-08  08:53:59",,,"1544","8,1","21","=","390","1","0,1","53,7","0,7","48,8","0,1","82620","0,1","0,3","8,4","0,3","3,012","432,6","5140","22660","65,7","3",,"42,9","2,5","29","0,3","2,6","0,5","0,5","1","1,3","0,7","4,2"
"BOU-4.3","2011-06-27  10:10:05",,,"1632","8,3","20,2","=","190","-2","0,1","142,8","0,6","73,5","0,1","109166","0,1","0,4","7,3","0,4","3,016","360","8088","27040","30,5","4,6","201198","20","3,2","40","0,5","9,5","0,5","0,5","1","2","1","7,6"
"BOU-4.3","2011-08-29  09:41:53","76","7,52","746","8,3","15,8","=","520","0","0,1","273,8","0,5","46,5","0,1","74400","0,1","0,5","8,9","0,9","4,104","480,8","6152","12896","29,9","5,9","40960","104,7","3","57","0,5","8,3","0,5","0,5","1","1,7","1,3","9,4"
"BOU-4.3","2011-09-19  08:46:01","68","6,93","1528","8,7","12,7","=","250","1","0,1","273,8","0,6","93,9","0,1","139308","0,1","0,7","10,3","1,2","2,176","816,8","11138","31000","165,8","6","146488","148,5","4,4","47","0,8","19,9","0,5","0,5","1","3,3","1,2","9,5"
"BOU-4.3","2011-11-07  09:13:04","102","12,55","1763","8,6","6,1","=","27","1","0,1","180","0,5","92,9","0,1","143034","0,1","0,6","8,1","0,8","2,538","818,4","9320","32240","147,8","4,7","137960","187,2","4,7","32","0,5","10,4","0,5","0,5","1","3,4","0,9","13,3"
"BOU-4.3","2011-11-21  09:22:17","99","13,86","1815","8,9","1,4","=","36","1","0,1","283,6","0,6","96,3","0,1","153276","0,1","0,7","7,8","1,1","2,74","833,8","10870","33960","118,4","5","184184","183,7","5,3","38","0,7","14,5","0,5","0,5","1","3,3","1,2","12,8"
"BRU-1","2011-05-17  09:10:29","88","9,63","681","8,3","11,4","=","36","-1","0,1","52,2","0,3","35,6","0,1","57200","0,1","0,1","4,4","0,3","0,591","157,4","3026","17702","17,2","1","39820","20","0,9","27","0,2","5,9","0,5","0,5","1","0,4","0,4","3"
"BRU-1","2011-06-15  09:27:25","102","9,06","669","8,3","20,9","=","99","-2","0,1","185,5","0,5","45,5","0,1","64720","0,1","0,2","5,1","0,3","1,006","473,6","3724","20440","27","1","43700","20","1,2","39","0,5","12,3","0,5","0,5","1","0,4","0,7","3"
"BRU-1","2011-07-05  09:38:30","106","8,69","679","7,8","25,5","=","140","-2","0,1","146,3","0,4","47,1","0,1","58160","0,1","0,2","3","0,3","0,75","311","3602","20200","18","1","43600","30","1,1","33","0,3","12","0,5","0,5","1","0,4","0,7","3"
"BRU-1","2011-08-31  09:24:43","102","9,27","558","9,1","20","=","310","-2","0,1","58,6","0,4","41,2","0,1","43560","0,1","0,1","5,2","0,3","0,681","195,6","3048","15684","17,7","1,2","32820","20","0,9","32","0,2","8","0,5","0,5","1","0,3","0,4","3"
"BRU-1","2011-09-27  09:09:48","89","8,04","582","8,2","20,2","=","170","-1","0,1","72,9","0,4","43,6","0,1","45080","0,1","0,1","5","0,3","1,436","209","3188","16454","18,3","1,2","33940","20","1","66","0,4","7","0,5","0,5","1","0,3","0,5","3"
"BRU-1","2011-11-01  09:26:36","106","12,65","586","8,9","7,6","=","18","1","0,1","31,5","0,3","45,3","0,1","52860","0,1","0,1","4,3","0,4","0,706","108","3374","15796","7,1","1,1","31380","20","0,9","14","0,2","3,9","0,5","0,5","1","0,4","0,3","3"
"BRU-1","2011-11-16  08:56:08","101","11,78","557","8,6","8,6","=","18","-1","0,1","27,7","0,3","43,6","0,1","53800","0,1","0,1","5,1","0,5","1,624","114,2","3488","17158","7,2","1","32940","20","0,9","19","0,2","4,5","0,5","0,5","1","0,4","0,2","3,2"
"CAS-1","2011-05-03  12:43:29","99","10,17","339","8,9","14,2","<","10","0","0,1","10,7","0,7","28,7","0,1","52560","0,1","0,1","3,2","0,3","1,463","74,1","1961,2","4382","10,9","1,8","12322","31,2","0,6","15","0,2","13,5","0,5","1,1","1,2","0,6","0,4","3"
"CAS-1","2011-06-13  10:17:02","83","7,86","324","8","18","=","550","0","0,1","19,1","0,5","31","0,1","44240","0,1","0,1","4,5","0,3","3,852","117,8","1859,4","5566","7,9","1","14214","20","0,7","23","0,4","0,9","0,5","0,5","1","0,3","0,7","3"
"CAS-1","2011-07-18  09:52:31","72","5,84","310","7,9","26,3","=","45","1","0,1","27,4","0,7","26,5","0,1","34640","0,1","0,1","4,6","0,3","3,898","87,2","1763","6162","13,1","1","14312","20","0,7","19","0,3","2,6","0,5","0,5","1","0,3","1","5"
"CAS-1","2011-09-06  09:47:48","93","8,34","225","8,7","20,3","=","81","0","0,1","53,5","0,9","6,5","0,1","21740","0,1","0,1","5,2","0,3","1,624","56,6","1252","5574","5,6","1","12066","20","0,7","20","0,4","2,7","0,5","0,5","1","0,4","2,4","3"
"CAS-1","2011-09-12  10:12:09","125","11,21","222","9,3","20,7","=","210","-2","0,1","98,9","0,9","5,6","0,1","20700","0,1","0,1","5,1","0,3","2,384","114,7","1196,4","5546","6,5","1","12334","20","0,9","29","0,8","7,6","0,5","0,5","1","0,4","2,9","7,4"
"CEN-1","2011-05-17  13:43:11","97","10,47","903","8,1","11,6","=","420","-1","0,1","156,4","0,5","35,9","0,1","73620","0,1","0,2","3,4","0,6","1,783","207","2372","16190","10,4","1,3","69240","26,7","1,6","46","0,7","10,9","0,5","0,5","1","1","1,1","5,1"
"CEN-1","2011-06-15  13:49:05",,,"858","8,6","25","=","45","-2","0,1","141,3","0,7","47,8","0,1","75080","0,1","0,3","3,8","0,4","2,034","302,6","2954","17462","21,1","1,7","70760","20","2,4","52","0,8","8,1","0,635","0,5","1","1","1,2","4,9"
"CEN-1","2011-07-05  13:44:37",,,"847","8,4","27,4","=","45","-2","0,1","168,3","0,7","44,6","0,1","63560","0,1","0,2","4,3","0,4","1,473","239","3054","18172","15,6","1,5","73560","20","2","59","0,4","11,4","0,55","0,5","1","0,9","1,2","8,4"
"CEN-1","2011-08-31  13:26:48","129","11,8","588","8,5","21,9","=","36","-2","0,1","102,5","0,6","36,8","0,1","48740","0,1","0,1","3,7","0,4","1,428","200","2168","11404","14,1","1,1","41280","20","1,3","51","0,4","8,9","0,5","0,5","1","0,5","0,8","3"
"CEN-1","2011-09-27  13:29:50","117","10,48","733","8,1","20,8","=","120","-1","0,1","88,8","0,6","42,2","0,1","59260","0,1","0,2","4,2","0,3","1,013","227","2700","14814","28,5","1,3","53920","20","1,7","85","0,4","15,3","0,5","0,5","1","0,7","0,8","3"
"CEN-1","2011-11-01  13:59:53","125","14,4","890","8,4","9,5","=","27","1","0,1","100,5","0,4","48,4","0,1","86620","0,1","0,2","3,8","0,9","1,655","228,4","3330","16644","12","1,4","63260","20","2","55","0,7","15,1","0,5","0,5","1","1","1","6,3"
"CEN-1","2011-11-16  14:15:34","116","13,37","910","8,2","9,1","=","350","-1","0,1","51,9","0,8","47,2","0,1","86640","0,1","0,2","4,3","0,6","1,682","125,8","3434","18898","10,4","1,6","71400","20","2,1","69","0,5","11,7","0,5","0,5","1","1","0,7","10,4"
"CGO-0.0","2011-05-03  16:27:25","77","8,18","654","7,9","12,1","=","130","0","0,1","65","0,5","36,9","0,1","69540","0,1","0,1","8,9","0,3","2,01","250","3060","20740","51,3","1,6","36980","20","1,3","48","0,3","4,2","0,5","0,8","1","2,1","0,5","30"
"CGO-0.0","2011-06-13  15:46:35","63","6,22","760","7,4","15,9","=","200","0","0,1","35,4","0,7","33,6","0,1","70300","0,1","0,4","19,4","0,4","2,462","1088,4","4632","24140","125,6","1","55340","153,4","1,9","282","0,4","3,4","0,5","0,5","1","0,7","1","5,7"
"CGO-0.0","2011-09-06  14:20:42","61","5,4","539","7,8","18,7","=","18","0","0,1","171,1","0,7","33,8","0,1","52600","0,1","0,6",,"0,6","4,53","1384,2","8712","13980","165,4","1,3","34320","147,8","3,2","350","1","1,5","0,5","0,5","1","0,6","1,2","9,5"
"CGO-0.0","2011-09-12  15:29:23","57","5,14","1055","7,7","18,9","=","90","-2","0,1","390,2","0,8","51,1","0,1","94960","0,1","1,1","16","1,1","1,398","2294","8064","28240","1756,9","1,2","84600","479,9","3,1","408","1,9","10,8","0,5","0,5","1","1,3","1,4","14,2"
"CGO-0.0","2011-10-24  14:15:27","59","6,46","748","7,7","11,2","<","10","1","0,1","86,7","0,4","38,1","0,1","73740","0,1","0,3","9,5","0,6","0,916","598,4","4246","23280","117,7","1,3","55620","20","2","111","0,8","5,8","0,5","0,5","1","1,6","0,7","6,7"
"CGO-0.0","2011-11-09  14:25:56","67","7,37","977","7,8","11","<","10","-1","0,1","67,7","0,5","46,5","0,1","96000","0,1","0,4","12,6","0,8","1,154","997,4","4912","32260","242,4","1","80340","43,2","2,1","245","1","6","0,5","0,5","1","1,5","0,6","9,9"
"CLA-0.0","2011-05-10  14:35:56","96","10,31","140","8,4","12,1","<","10","1","0,1","308,6","0,4","19,3","0,1","16806","0,1","0,1","6,1","0,6","1,522","380,6","1070,4","3400","20,9","1","6274","20","0,8","31","0,4","3,5","0,5","0,5","1","0,1","0,9","4,3"
"CLA-0.0","2011-06-08  12:45:27",,,"164","9","25,4","=","27","1","0,1","135,9","0,5","19,5","0,1","17628","0,1","0,1","6","0,3","2,302","168,5","1112,2","4204","11,1","1","7214","20","0,7","27","0,4","4,4","0,5","0,5","1","0,2","0,8","4,2"
"CLA-0.0","2011-06-27  14:00:38","120","10,2","226","8,8","23,4","=","18","-2","0,1","98,2","0,7","22,3","0,1","25360","0,1","0,1","4,3","0,3","2,316","152,5","1409,2","6048","21,9","1","10490","20","0,6","30","0,2","3,6","0,5","0,5","1","0,2","0,6","6,1"
"CLA-0.0","2011-08-29  13:11:49","94","8,28","236","8,4","21,3","=","36","0","0,1","80,6","1","22,8","0,1","21820","0,1","0,1","3,9","0,4","2,334","134,2","1202,8","5590","24,2","1","9362","50,4","0,6","35","0,4","3,9","0,5","0,5","1","0,3","0,7","5,1"
"CLA-0.0","2011-09-19  12:49:14","99","9,41","229","8,7","17,7","<","10","1","0,1","36,8","0,7","19,9","0,124","21600","0,1","0,1","4,5","0,3","2,19","75,9","1277,4","5768","12,8","1,3","10286","20","0,5","22","0,3","0,8","0,5","0,5","1","0,4","0,6","3"
"CLA-0.0","2011-11-07  13:54:32","93","10,97","183","8,5","8,2","<","10","0","0,1","155,9","0,6","22,5","0,1","20160","0,1","0,1","4,7","0,7","1,72","209,4","1407,2","4768","11,3","1","9006","20","0,7","26","0,3","1,5","0,5","0,5","1","0,2","0,5","8,1"
"CLA-0.0","2011-11-21  14:19:51","94","11,88","171","8,6","5,2","<","10","1","0,1","186,9","0,5","20","0,1","18188","0,1","0,1","5,4","0,9","1,618","249,8","1332,4","4230","9,3","1","7396","298","0,6","24","0,4","1,6","0,5","0,5","1","0,1","0,6","7,3"
"CLA-1.8","2011-05-10  14:50:16","106","11,1","127","8,2","13,3","=","36","1","0,1","339,4","0,3","20,2","0,1","13326","0,1","0,1","6,3","0,7","1,474","393,2","923,8","3148","17,1","1","5574","23,9","0,8","23","0,4","3,2","0,5","0,5","1","0,1","0,8","3,6"
"CLA-1.8","2011-06-08  12:59:03",,,"184","8,3","20,5","=","18","1","0,1","196,7","0,5","20,8","0,1","20340","0,1","0,1","5,2","0,4","1,552","221,2","1175,2","4882","13,7","1","7966","20","0,7","16","0,3","3,1","0,5","0,5","1","0,2","0,7","3"
"CLA-1.8","2011-06-27  14:18:02","99","8,68","205","8,3","21,6","=","18","-2","0,1","162,4","0,7","22,4","0,1","23940","0,1","0,1","4,8","0,5","2,376","232,4","1376,4","5376","18,1","1","9484","20","0,8","22","0,3","3,2","0,5","0,5","1","0,2","0,7","3,6"
"CLA-1.8","2011-08-29  13:24:27","92","8,14","205","8,2","21,1","=","1500","0","0,1","149,4","0,7","19,3","0,1","19246","0,1","0,1","4,3","1,3","2,564","242,4","1107,8","4564","16,5","1","8680","28,4","0,9","28","0,8","3,6","0,5","0,5","1","0,2","0,7","5,1"
"CLA-1.8","2011-09-19  13:04:08","97","9,04","195","8,3","19","=","27","1","0,1","149,2","0,5","20","0,1","19368","0,1","0,1","4,9","1","1,441","205,8","1243,2","5086","13,9","1","8868","20","0,6","20","0,6","2","0,5","0,5","1","0,2","0,7","3"
"CLA-1.8","2011-11-22  09:28:05","95","12,28","171","8,4","4,4","=","18","1","0,1","210,6","0,7","22,9","0,1","20160","0,1","0,1","5,4","1","1,98","296,8","1364,6","4552","24,5","1","8834","33,9","0,7","25","0,6","1,8","0,5","0,5","1","0,2","0,7","7,7"
"CLA-11.2","2011-05-10  15:46:04","106","10,87","166","8,3","14","<","10","1","0,1","325,6","0,8","20,2","0,1","16060","0,1","0,1","5,6","0,7","2,104","411","1041,4","3690","18,3","1,5","7882","20","0,9","30","0,9","3,7","0,5","1","1,4","0,2","0,9","7,1"
"CLA-11.2","2011-06-09  09:29:53",,,"159","8,5","20,8","=","54","1","0,1","167,6","0,6","19,6","0,1","17292","0,1","0,1","5,9","0,5","1,667","215,2","1058,8","4038","13,1","1","7222","20","0,7","21","0,4","3,6","0,5","0,5","1","0,2","0,7","3,5"
"CLA-11.2","2011-06-27  15:22:56","116","10,1","261","8,6","22,2","=","27","-2","0,1","50,1","0,7","24,5","0,1","29720","0,1","0,1","3,6","0,3","1,599","101,1","1562,8","6996","15,1","1","12386","20","0,6","15","0,3","1,7","0,5","0,5","1","0,3","0,5","3"
"CLA-11.2","2011-08-29  14:27:49","118","10,35","240","8,7","21,6","=","27","0","0,1","28,4","0,8","21,4","0,1","23640","0,1","0,1","3,7","0,3","1,338","59,4","1221,6","5964","7,2","1","10118","20","0,5","18","0,3","0,7","0,5","0,5","1","0,3","0,5","3"
"CLA-11.2","2011-09-19  13:59:55","109","10,09","211","8,5","19,3","=","27","1","0,1","49,4","0,5","19","0,1","20060","0,1","0,1","4,8","0,6","1,26","97,3","1181,4","5060","7,8","1","9162","20","0,5","19","0,3","0,6","0,5","0,5","1","0,2","0,5","3"
"CLA-6.6","2011-05-10  15:25:59","103","10,97","148","8,4","12,5","<","10","1","0,1","329,2","0,3","20,9","0,1","14876","0,1","0,1","6","0,7","1,709","380,6","980,6","3430","16,7","1","7030","20","0,8","23","0,4","2,6","0,5","0,5","1","0,2","0,9","4,3"
"CLA-6.6","2011-06-08  13:31:07",,,"164","8,6","20,7","=","27","1","0,1","229,4","0,5","20,1","0,1","17660","0,1","0,1","5,7","0,5","1,372","253,2","1082,2","4202","15,6","1","7116","20","0,7","20","0,4","3,9","0,5","0,5","1","0,2","0,8","4,5"
"CLA-6.6","2011-06-27  14:55:57","99","8,51","231","8,4","22,6","<","10","-2","0,1","131,6","0,6","22,9","0,1","26120","0,1","0,1","4,6","0,4","2,904","190,4","1595,2","6168","23,4","1","11072","20","0,7","18","0,6","2,5","0,5","0,5","1","0,2","0,7","5,6"
"CLA-6.6","2011-08-29  13:58:18","97","8,63","215","8,4","21","<","10","0","0,1","74","0,7","19,5","0,1","20700","0,1","0,1","4,2","0,3","1,592","119","1178","5048","9,5","1","8788","25,2","0,6","21","0,4","2","0,5","0,5","1","0,2","0,6","3,7"
"CLA-6.6","2011-09-19  13:36:36","92","8,64","214","8,3","18,4","<","10","1","0,1","87","0,5","20,2","0,1","20400","0,1","0,1","4,5","0,7","1,381","140,8","1276,4","5444","12,2","1","9568","20","0,5","24","0,3","1,2","0,5","0,5","1","0,2","0,6","3"
"CLA-6.6","2011-11-07  14:45:19","94","11,32","233","8,3","7,3","<","10","0","0,1","192,8","0,8","26,2","0,1","23380","0,1","0,1","4,8","0,5","2,08","348","1485,2","5520","59,6","1,1","12922","57,5","0,8","36","2,3","2,8","0,5","0,6","1","0,2","0,7","7,3"
"CLA-6.6","2011-11-22  10:24:50","101","13,49","231","8,4","3,1","<","10","1","0,1","133,7","0,8","25,7","0,1","25240","0,1","0,1","5,2","0,8","1,78","287,6","1514,4","5446","47,5","1","13862","41,8","0,6","29","0,6","0,5","0,5","0,5","1","0,2","0,7","4,8"
"CON-0.0","2011-05-11  11:35:41","122","12,67","717","8,2","13,7","<","10","1","0,1","169,6","0,6","54,3","0,1","87280","0,1","0,3","4","0,3","1,068","306","3434","30960","47,2","4,1","17000","20","3,1","26","0,2","6,7","0,5","0,5","1","1,4","0,7","3"
"CON-0.0","2011-06-07  11:13:37","105","10,04","730","7,9","17,4","=","130","1","0,1","243,8","1","49,1","0,1","81440","0,1","0,3","4,9","0,4","0,944","415,8","3746","32040","45,2","4,9","21040","31,6","3,2","41","0,3","11,9","0,5","0,5","1","1,4","1","3"
"CON-0.0","2011-06-20  12:37:05","99","8,67","753","7,9","21,5","=","120","-2","0,1","631,6","1,5","63,5","0,1","79200","0,1","0,6","4,6","1","1,727","993,6","4460","36140","62,3","4,7","29640","47,4","3,6","60","0,7","28,8","0,5","0,5","1","1,3","2","8,1"
"CON-0.0","2011-07-19  11:41:55","104","8,75","719","8,3","23,9","=","90","1","0,1","834,8","1,7","70","0,1","66840","0,1","0,7","5,2","1,2","2,154","1226","4890","35020","43,3","5,4","26540","30,7","3,3","67","0,8","44","0,5","0,5","1","1,4","2,4","5,7"
"CON-0.0","2011-10-03  10:39:01","62","6,29","852","7,4","14,6","=","110","0","0,1","192,9","1,6","81,4","0,1","92120","0,1","0,4","4,4","0,3","0,794","391","5792","35640","58,8","4,3","27320","47,3","3","52","0,2","9,5","0,5","0,5","1","1,7","1","3"
"CON-0.0","2011-10-18  10:57:54","96","10,1","974","7,9","12,7","=","99","-2","0,1","184,6","1,5","84,1","0,1","102662","0,1","0,4","4,2","0,4","0,818","473,2","5580","37140","52,5","5,1","32420","20","3,3","39","0,4","10,9","0,5","0,5","1","1,9","1","3"
"CON-0.0","2011-11-14  11:02:15","90","9,77","1029","8","11,3","<","10","1","0,1","450","0,9","102","0,1","128796","0,1","0,5","4,8","1,1","1,578","964,6","5922","42820","54,1","5,5","34060","20","3,8","48","0,9","10,7","0,5","0,5","1","2,1","1,2","7,2"
"CPI-0.0","2011-05-11  11:22:27",,,"1183","8,1","13,5","=","170","1","0,1","35,2","0,2","55,2","0,1","124402","0,1","0,1","1,9","0,3","2,082","54,8","2654","33260","9,3","1,4","59340","20","2,4","26","0,2","1,3","0,5","0,5","1","1,1","0,5","3"
"CPI-0.0","2011-06-07  10:39:30","87","8,76","1217","7,9","14,5","=","20000","1","0,1","521,8","0,3","62","0,1","129876","0,1","0,4","2,2","1,1","4,658","621,4","3118","36120","30,5","1,6","72900","222,2","3,2","124","0,9","24,6","0,5","0,5","1","1,2","1,6","10,1"
"CPI-0.0","2011-06-20  12:00:35","84","8","501","8","17,7","=","18000","-2","0,1","110,4","0,4","26,5","0,1","50180","0,1","0,2","3,6","0,3","3,896","161","2042","12678","17,8","1","31740","223","1,6","81","0,3","4,2","0,5","0,5","1","0,3","1,1","5,3"
"CPI-0.0","2011-07-19  11:24:31","97","9,06","1282","8","18,5","=","6000","1","0,1","302,6","0,4","67,4","0,1","135970","0,1","0,4","2,5","0,7","4,08","447,4","3436","36120","26,6","1,5","81920","62,2","3,3","107","0,6","17,4","0,5","0,5","1","1,3","1,6","13,1"
"CPI-0.0","2011-10-03  10:22:45","66","6,49","1138","7,2","15,2","=","23000","0","0,1","158,4","0,3","65,7","0,1","123362","0,1","0,2","2,1","0,5","2,818","218,4","3290","34400","10,6","1,8","65960","27,2","3,6","42","0,5","6","0,5","0,5","1","1,2","0,7","8,4"
"CPI-0.0","2011-10-18  10:25:11","86","8,83","1253","7,8","13,6","=","4500","-2","0,1","15,5","0,2","63,3","0,1","135516","0,1","0,1","1,8","0,3","1,914","55,4","3198","35720","9,6","1,5","65380","41,6","3","26","0,2","1,2","0,5","0,5","1","1,3","0,5","3,7"
"CPI-0.0","2011-11-14  10:43:08","73","7,93","1242","8,1","10,4","=","1200","1","0,1","60,8","0,3","72,7","0,1","137006","0,1","0,3","4,4","0,5","9,486","115,5","4952","35060","40,3","1,1","84640","1010","3,1","111","0,2","2,5","0,5","0,5","1","1,1","0,7","11,4"
"DEN-0.0","2011-05-17  13:22:26","102","11,5","895","8","10","=","300","-1","0,1","434,2","0,3","41,6","0,1","77320","0,1","0,4","5,3","1","3,562","530,4","3496","14772","30,6","2","70060","78,3","2","41","0,9","13","0,5","0,5","1","1,2","1,4","19,2"
"DEN-0.0","2011-09-27  12:40:18","102","9,04","346","8,8","21,7","=","63","-1","0,1","190,3","0,6","24,3","0,1","24840","0,1","0,1","5,5","0,4","1,574","243,8","1591,8","6356","10,2","1,5","20560","20","0,8","18","0,3","2,3","0,5","0,5","1","0,2","0,8","3"
"DEN-0.0","2011-06-15  13:13:13","107","10,1","1237","8,3","18","=","270","-2","0,1","200,8","0,5","54,1","0,1","105722","0,1","0,3","4,4","0,5","2,354","432,8","5036","24240","23","2,8","131926","20","2","38","0,6","7,4","0,5","0,5","1","1,1","1,3","12,5"
"DEN-0.0","2011-07-05  13:22:06","107","9,27","1354","8,3","22,2","=","1000","-2","0,1","115,3","0,5","58,5","0,1","101442","0,1","0,2","3,1","0,4","2,228","456,4","4942","25160","16,7","5,5","143078","20","1,9","31","0,4","3,8","0,5","0,5","1","1,1","1,3","8,7"
"DEN-0.0","2011-11-01  13:32:45","106","12,09","1528","8,1","9,3","=","1100","1","0,1","247,8","0,4","78,1","0,1","136114","0,1","0,5","4,9","0,8","3,652","613,4","5528","28600","66,6","2,4","128250","45,3","2,5","43","0,5","10,3","0,5","0,5","1","1,5","1","19,4"
"DEN-0.0","2011-11-16  13:53:42","99","11,09","1109","8,1","10,2","=","900","-1","0,1","143,3","0,6","65,1","0,1","110670","0,1","0,4","4,7","0,8","1,994","340,2","5520","24120","53,7","2,6","83860","20","2","27","0,4","4,7","0,5","0,5","1","1,2","0,8","14,7"
"DEN-0.8P1","2011-05-17  13:06:40","110","12,29","530","8,2","10,4","=","54","-1","0,1","501,8","0,4","37,5","0,1","68980","0,1","0,4","6,7","0,9","3,418","602,8","3728","10764","29,9","1,4","19714","118,3","1,9","40","0,8","14,1","0,5","0,5","1","1,1","1,5","21"
"DEN-0.8P1","2011-06-15  12:55:33",,"14,08","718","8,6","27,5","=","910","-2","0,1","696,2","0,8","51,6","0,1","79820","0,142","0,6","8,3","1,1","3,894","983,6","6270","19380","39","2,6","39400","38,9","2,8","61","1","24,5","0,5","0,5","1","1,3","3,1","15,5"
"DEN-0.8P1","2011-07-05  12:48:16",,,"661","8,5","30,7","=","140","-2","0,1","710,8","1","51","0,1","71340","0,1","0,6","10,1","1","3,606","827,6","7092","17992","48,7","2,9","40400","20","2,9","46","0,8","18,3","0,5","0,5","1","1,1","3,5","12"
"DEN-0.8P1","2011-08-31  12:34:18","120","11","810","8,4","20,3","=","290","-2","0,1","454,6","0,6","65,3","0,1","98180","0,1","0,5","8,5","0,7","2,304","680","7704","18810","32,2","2,8","33520","20","2,3","37","0,5","16,1","0,5","0,5","1","1,6","1,9","7,3"
"DEN-0.8P1","2011-09-27  12:27:20","107","9,79","955","8,3","19,9","=","820","-1","0,1","5992,4","1,6","138,9","0,218","116104","0,1","3,5","8,3","9","8,642","7198","10132","28940","170,5","2,9","45920","20","9,7","228","4,4","213,3","0,5","0,5","1","2,1","11,8","37,4"
"DEN-0.8P1","2011-11-01  12:58:01","109","12,65","901","8,2","8,8","=","54","1","0,1","2959,6","0,8","86,6","0,1","165700","0,1","1,5","5,6","3,4","4,228","2856","16196","32020","144","2,1","77820","157,6","4,2","86","2,1","65,6","0,5","0,5","1","1,9","4,5","29,1"
"DEN-0.8P1","2011-11-16  13:23:24","122","13,5","833","8,2","10,8","=","27","-1","0,1","383,4","0,5","65,8","0,1","110020","0,1","0,4","6,4","1","1,865","639,4","8336","23280","54,1","2,6","33480","44,3","2","31","0,5","13,9","0,5","0,5","1","1,7","1,5","19,5"
"DEN-2.6","2011-05-17  12:19:03","101","11,36","1147","7,9","10,1","=","1900","-1","0,1","364,6","0,4","40,7","0,1","82320","0,1","0,3","3,6","1,2","3,356","449,8","3214","18402","29","2,7",,"29,7","1,9","36","1,2","11,4","0,5","0,5","1","1,2","1,3","15,8"
"DEN-2.6","2011-06-15  12:41:50",,,"1803","8,3","22,3","=","910","-2","0,1","125,7","0,4","63,7","0,1","130254","0,1","0,3","3,5","0,5","4,064","385,8","6062","33460","27,7","5","205012","20","1,9","74","0,5","4,9","0,5","0,5","1","1,4","0,9","9,8"
"DEN-2.6","2011-07-05  12:25:07",,,"1153","8,3","24,1","=","44000","-2","0,1","104,6","0,5","40,7","0,1","84540","0,1","0,3","5,5","0,4","3,236","308,2","3788","20220","26,3","6","110280","20","1,5","45","0,6","5,4","0,5","0,5","1","0,8","1,1","11"
"DEN-2.6","2011-08-31  12:21:22","127","11,56","1730","8,2","20,6","=","360","-2","0,1","30,5","0,3","62","0,1","126382","0,1","0,4","12,9","0,5","3,298","212,8","5954","30220","14,5","4,7","160912","20","2,7","53","0,2","3,7","0,5","0,5","1","1,5","0,6","11"
"DEN-2.6","2011-09-27  11:38:07","130","12,06","1681","8,3","19,4","=","3300","-1","0,1","29,4","0,4","57,2","0,1","110146","0,1","0,2","3,2","0,3","3,15","271,6","4744","28340","11,2","3,4","177540","20","1,5","64","0,4","2,4","0,5","0,5","1","1","0,7","9,1"
"DEN-2.6","2011-11-01  12:42:46","113","11,75","1471","8,1","13,4","=","3700","1","0,1","614,2","0,6","58,7","0,1","111764","0,1","0,7","3,3","2,4","7,702","1458,2","4036","22760","51,4","1,7","139804","43,4","2,8","119","3,2","46,8","0,5","0,5","1","0,9","2","28,5"
"DEN-2.6","2011-11-16  13:10:40","118","12,49","1494","8,2","12,7","=","1500","-1","0,1","237,8","0,4","64,7","0,1","118118","0,1","0,4","3,4","1","3,642","643,2","4292","29520","44,8","3,4","140460","20","2","64","0,8","13,6","0,5","0,5","1","1,1","1","16,7"
"DEN-3.2","2011-05-17  11:56:42","97","10,93","1172","7,8","10","=","3200","-1","0,1","111,9","0,2","32,5","0,1","66820","0,1","0,2","3","0,6","2,862","235","2692","17178","17,9","1,9",,"37,5","1,4","33","0,7","7,2","0,5","0,5","1","0,9","0,7","13,8"
"DEN-3.2","2011-06-15  12:04:36",,,"1892","8","20,2","=","1100","-2","0,1","28,6","0,3","62,8","0,1","139168","0,1","0,2","2,8","0,3","3,33","428","5084","33920","28,3","4,1","218146","60,2","1,6","94","0,3","2,2","0,5","0,5","1","1,1","0,6","16,1"
"DEN-3.2","2011-07-05  11:44:12","118","10,46","887","7,9","21,3","=","1700","-2","0,1","165,9","0,4","36,5","0,1","71800","0,1","0,3","3,4","0,6","3,884","430,6","3416","16634","29,5","6,2","83400","24,4","1,5","50","0,9","8","0,5","0,5","1","0,5","1,2","16"
"DEN-3.2","2011-08-31  11:43:32","114","10,48","1735","7,9","19,3","=","3300","-2","0,1","34,8","0,3","63,1","0,1","126690","0,1","0,4","12","0,4","3,222","245,8","5478","29360","16,1","4","172380","20","2,2","47","0,3","3,1","0,5","0,5","1","1,3","0,7","15,7"
"DEN-3.2","2011-09-27  11:25:36","110","10,24","1012","8,2","19,3","=","4200","-1","0,1","41","0,4","39,5","0,1","78820","0,1","0,1","2,8","0,7","2,84","296,6","3212","18278","15,5","3,1","90640","20","1","64","0,3","2,6","0,5","0,5","1","0,5","0,9","7,5"
"DEN-3.2","2011-11-01  11:44:06","101","10,4","1616","7,8","13,8","=","6000","1","0,1","570,6","0,6","61,7","0,1","114706","0,1","0,8","3,7","1,8","9,124","1267,2","4496","23540","53,9","2,2","158468","135,3","2,7","137","2,5","37,4","0,5","0,5","1,4","1","1,8","26,2"
"DEN-3.2","2011-11-16  12:13:38","109","11,48","1485","7,8","12,8","=","2100","-1","0,1","30,7","0,3","63,8","0,1","117874","0,1","0,2","4,5","0,6","3,28","372","4060","28120","36,6","3","147268","51,1","1,6","59","0,3","2,7","0,5","0,5","1","0,9","0,5","16,4"
"IDS-1","2011-05-03  13:15:12","106","10,81","701","8,2","14,3","<","10","0","0,1","5,8","0,5","60,1","0,1","75460","0,1","0,1","4","0,3","0,5","44,2","2246","22700","14,1","1,2","33140","20","0,5","15","0,2","1,3","0,5","0,5","1","1,8","0,3","3"
"IDS-1","2011-06-13  11:03:32","81","7,34","614","8","19","=","45","0","0,1","5","0,6","37,8","0,1","40200","0,1","0,1","5,4","0,3","0,5","38,7","1138,6","26800","17,6","1","42080","20","0,5","11","0,2","0,5","0,5","0,5","1","0,6","0,5","3"
"IDS-1","2011-07-18  10:25:58","93","7,49","654","8,1","26,3","=","18","1","0,1","24,7","1,4","45,5","0,1","60940","0,1","0,1","8","0,3","0,5","94,7","4198","14840","149","1","21000","20","0,5","35","0,2","3,3","0,5","0,5","1","0,4","1","3"
"IDS-1","2011-09-06  10:11:44",,,"615","7,8","21,1","=","27","0","0,1","9","0,8","43,4","0,1","48920","0,1","0,1","7,5","0,3","0,5","39,1","3074","23200","60,3","1","38200","20","0,5","18","0,2","1,8","0,5","0,5","1","0,3","0,3","4,5"
"IDS-1","2011-09-12  10:44:15","88","7,81","640","8,1","21,4","=","360","-2","0,1","14,4","0,8","45","0,1","51160","0,1","0,1","7,1","0,3","0,5","51,2","3162","24220","20,6","1","40100","20","0,5","17","0,2","1,6","0,5","0,5","1","0,3","0,4","4,4"
"IDS-1","2011-10-24  10:17:38","81","8,93","561","8,3","10,5","=","18","1","0,1","6,2","0,6","42,6","0,1","48520","0,1","0,1","6,2","0,3","0,5","28,7","3202","20280","13,2","1","32920","20","0,5","13","0,2","0,6","0,5","0,5","1","0,4","0,4","3"
"IDS-1","2011-11-09  09:53:06","103","12,24","596","8,3","7,7","<","10","-1","0,1","31,3","0,6","42","0,1","50960","0,1","0,1","6,4","0,5","0,82","50,8","3586","22900","9,4","1","37420","21,1","0,5","12","0,2","1","0,5","0,5","1","0,5","0,4","5,4"
"IDS-2","2011-05-03  13:26:33","101","10,61","546","8","12,9","=","27","0","0,1","47,5","0,7","40,4","0,1","72780","0,1","0,1","6","0,3","0,919","124,3","4066","13634","73,1","1","19152","151,2","0,7","30","0,5","5,7","0,5","0,5","1","0,5","0,6","11,7"
"IDS-2","2011-06-13  11:12:32","95","8,62","527","8","19,4","=","45","0","0,1","19,1","0,7","42,6","0,1","62760","0,1","0,1","6,6","0,3","0,587","83,6","4398","13814","112,6","1","19408","20","0,7","44","0,2","4,9","0,5","0,5","1","0,5","0,7","3"
"IDS-2","2011-07-18  10:36:47","102","8,27","523","8,4","26,2","=","18","1","0,1","5","0,7","45,3","0,1","39960","0,1","0,1","7","0,3","0,5","30,5","2586","25860","6,1","1","42960","20","0,5","11","0,2","0,7","0,5","0,5","1","0,3","0,3","3"
"IDS-2","2011-09-06  10:22:57","62","5,39","514","7,9","21,2","<","10","0","0,1","17,4","1,7","47","0,1","62160","0,1","0,1","8,5","0,3","0,5","89,5","4268","14714","438,6","1","20760","20","0,5","101","0,2","3,7","0,5","0,5","1","0,3","0,9","3,8"
"IDS-2","2011-09-12  10:58:26","93","8,23","525","8,1","21,3","=","36","-2","0,1","19,6","1,6","45","0,1","62040","0,1","0,1","8,2","0,3","0,5","84,1","4246","15086","272,2","1","21360","20","0,5","78","0,3","1,7","0,5","0,5","1","0,3","0,9","3"
"IDS-2","2011-10-24  10:30:46","72","7,79","471","8,1","11,7","<","10","1","0,1","27,4","1,1","38,4","0,1","57960","0,1","0,1","7","0,4","0,5","160,8","4150","13670","100,6","1","19284","135,8","0,6","57","0,3","2","0,5","0,5","1","0,3","0,9","3"
"IDS-2","2011-11-09  10:12:46","74","8,56","507","8","8,8","=","18","-1","0,1","37,3","1","39,9","0,1","63100","0,1","0,1","6,6","0,5","0,5","197,9","4550","15014","79,9","1","21100","186,3","0,6","44","0,4","1,9","0,5","0,5","1","0,4","0,7","3,8"
"JAM-0.0","2011-05-10  12:36:08","106","12,04","1810","8","9,7","<","10","1","0,1","78,1","0,2","54,1","0,1","131616","0,1","0,1","3,9","0,3","2,698","208,8","3746","29460","27,4","1,5","193740","20","1,7","54","0,5","6,8","0,5","0,5","1","1,5","0,7","9,8"
"JAM-0.0","2011-06-27  11:43:58","90","8,32","1466","8,1","16,2","=","820","-2","0,1","35,9","0,4","56,5","0,1","123296","0,1","0,1","2,7","0,3","2,564","156,3","3988","26940","28,2","1,7","149944","35,5","1,4","51","0,2","1,1","0,5","0,5","1","1,1","0,9","7,1"
"JAM-0.0","2011-08-29  11:08:29","98","9,23","816","8,1","18,2","=","1800","0","0,1","3372,1","0,7","64,3","0,102","81360","0,1","2,1","4,5","9,6","8,092","3744","3682","16326","78,5","1,3","53160","20","7,4","139","2","86,8","0,5","0,5","1","0,9","8,3","17,5"
"JAM-0.0","2011-09-19  10:38:03","102","10,2","1670","8,1","15,4","=","1400","1","0,1","21,9","0,2","51,7","0,1","110608","0,1","0,1","2,4","0,3","2,122","104","4568","31660","6,5","1,9","193190","20","1,5","28","0,2","1","0,5","0,5","1","1,1","0,5","5,8"
"JAM-0.0","2011-11-07  11:11:41","98","11,06","1545","8","9,9","=","39000","0","0,1","103,1","1","51,5","0,1","117426","0,1","0,2","2,1","0,8","1,858","221,2","4552","32140","23,1","2,6","169960","20","1,8","23","0,2","3,4","0,5","0,7","1","1,1","0,8","6,9"
"JAM-0.0","2011-11-21  11:06:58","105","12,47","1640","8,1","7,5","=","4400","1","0,1","40,3","0,3","52,6","0,1","117480","0,1","0,1","2,5","0,7","2,08","145","4920","33620","11,9","2,3","181828","20","1,5","29","0,2","1,4","0,5","0,5","1","1","0,6","9,3"
"JAM-1.3","2011-05-10  13:00:27","109","11,62","1168","8,2","12,4","=","140","1","0,1","168","0,2","60,3","0,1","134108","0,1","0,2","2,6","0,6","2,714","537","2454","22580","62,3","1","70660","48,7","1,5","58","0,8","18,4","0,5","0,5","1","1","0,8","9"
"JAM-1.3","2011-06-08  10:38:21",,,"836","7,9","15,1","=","22000","1","0,1","345,4","0,3","45,8","0,1","81980","0,1","0,2","3,3","0,8","4,414","384,4","4060","14736","34,8","1","64180","643,8","1,5","70","0,3","8","0,5","0,5","1","0,5","0,9","8,8"
"JAM-1.3","2011-06-27  11:58:49","97","9,34","1132","8,1","16,9","=","260","-2","0,1","41,9","0,3","69,3","0,1","140172","0,1","0,1","2,8","0,3","4,078","257,8","3368","23220","22,7","1,1","83060","20","1,4","50","0,2","1,7","0,5","0,5","1","0,9","0,8","5,3"
"JAM-1.3","2011-08-29  11:19:39","100","9,58","1080","8,1","17,7","=","2100","0","0,1","103,1","0,3","53,4","0,1","105158","0,1","0,2","2,6","1,3","3,27","220,2","2776","17402","21,3","1","74840","20","1,5","47","0,6","12,8","0,5","0,5","1","0,9","0,8","9,8"
"JAM-1.3","2011-09-19  10:49:48","97","9,98","1174","8,2","13,8","=","200","1","0,1","83,1","0,2","67,5","0,1","129342","0,1","0,1","2,3","0,3","2,13","243,2","3132","24380","15,3","1","92040","20","1,1","28","0,4","6,4","0,5","0,5","1","1","0,7","5,6"
"JAM-1.3","2011-11-07  11:34:14","98","11,87","1076","8,1","7,2","=","1500","0","0,1","51,1","0,3","53,2","0,1","134770","0,1","0,3","2,3","0,6","1,671","263,8","5134","36820","40,5","2,1","171412","20","2,3","36","0,3","4,8","0,5","0,5","1","1,3","0,4","16,7"
"JAM-1.3","2011-11-21  11:19:09","99","13,1","1044","8,2","3,5","=","1700","1","0,1","131,6","0,2","65,1","0,1","124502","0,1","0,2","3,2","0,7","3,36","334,8","3992","24180","24,2","1","62820","20","1,8","29","0,4","4,3","0,5","0,5","1","0,9","0,6","7,7"
"JAM-j(1)","2011-05-10  12:50:10","100","11,2","3728","7,8","9,6","=","2000","1","0,1","47,1","0,2","48,9","0,1","166092","0,1","0,2","2,3","0,3","1,355","191,7","8156","54640","24,9","3,5","524440","20","2,3","14","0,4","4","0,5","0,5","1","1,6","0,5","13,1"
"JAM-j(1)","2011-06-08  10:31:05",,,"1751","7,8","12,8","=","1200","1","0,1","477,4","0,4","61,9","0,1","127596","0,1","0,5","2,4","2","4,818","781,6","4496","34740","48,1","2","191290","20","2,9","83","1,7","31,5","0,5","0,5","1","1,6","1,7","25,7"
"JAM-j(1)","2011-11-07  11:24:20","86","9,33","1690","7,8","11,5","=","45","0","0,1","59,2","0,3","65,5","0,1","139634","0,1","0,1","2,6","0,7","3,5","276,4","3606","25600","16,5","1","67280","33,6","2,1","37","0,3","2,9","0,5","0,5","1","1","0,5","5,1"
"JAM-j(1)","2011-11-21  11:27:51","96","10,7","2558","7,9","10,3","=","5400","1","0,1","27,7","0,2","42,8","0,1","144798","0,1","0,3","1,6","0,6","1,1","236,6","8376","53460","24,7","3,8","342952","20","1,9","15","0,2","1,7","0,5","0,5","1","0,9","0,4","13"
"JAR-1","2011-05-03  11:30:59","110","12,28","303",,"10,6","<","10","0","0,1","38,4","0,7","31,5","0,1","39880","0,1","0,1","3,7","0,3","2,522","89","1596,2","7320","5,1","1","10848","105,3","0,7","12","0,3","1,2","0,5","0,5","1","0,3","0,5","3"
"JAR-1","2011-06-13  09:13:04","98","9,5","272","8,3","16,8","=","2000","0","0,1","44,4","0,6","33,6","0,1","32840","0,1","0,1","4,7","0,3","2,062","109,2","1524","6448","14,3","1","10092","37,9","0,7","14","0,2","2,2","0,5","0,5","1","0,2","0,4","3"
"JAR-1","2011-07-18  08:47:10","92","7,78","287","8,4","23,6","=","140","1","0,1","15,9","0,9","30,2","0,1","29800","0,1","0,1","5,7","0,3","2,03","103,9","1123,2","7914","16,4","1","12850","20","0,7","12","0,2","0,9","0,5","0,5","1","0,2","0,5","3"
"JAR-1","2011-09-06  08:52:50","92","8,49","304","8,9","19,2","=","1300","0","0,1","22,4","0,8","32","0,1","36440","0,1","0,1","4,7","0,3","1,345","99","1395,2","8020","54,9","1","12190","20","0,6","16","0,3","3,2","0,5","0,5","1","0,2","0,5","3"
"JAR-1","2011-09-12  09:13:04","86","7,84","329","7,8","19,5","=","300","-2","0,1","41,4","0,8","34","0,1","39260","0,1","0,1","4,3","0,3","1,986","116,8","1568,2","8448","45,8","1","12826","20","0,7","18","0,4","4,8","0,5","0,5","1","0,3","0,5","3"
"JAR-1","2011-10-24  09:03:25","88","10,25","356","8,7","8,4","=","250","1","0,1","51,4","0,6","42,6","0,1","47960","0,1","0,1","4,4","0,3","0,813","145,5","2300","7430","18,2","1,1","10810","20","0,9","31","0,5","8,3","0,5","0,5","1","0,4","0,7","3"
"LAF-1","2011-06-13  11:46:03","96","8,78","301","8,2","19,3","=","1100","0","0,1","51,3","0,6","26","0,1","33620","0,1","0,1","3,5","0,3","5,626","72,8","1776,4","8292","25,8","1","12986","32,7","0,6","18","0,2","4,6","0,5","0,5","1","0,3","0,5","3"
"LAF-1","2011-07-18  11:09:03","110","8,83","315","7,9","26,5","=","140","1","0,1","29,2","1,2","25,3","0,1","28500","0,1","0,1","4,2","0,3","7,762","68,4","1778","9568","21,5","1,1","15678","20","0,7","23","0,2","4","0,5","0,5","1","0,3","0,5","7,8"
"LAF-1","2011-09-06  10:51:31","89","7,83","294","8,3","21,6","=","210","0","0,1","26,4","1,2","23,6","0,1","30540","0,167","0,1","2,9","0,3","25,68","50,3","1674,8","8304","33,6","1,2","12372","20","0,6","19","0,3","2,8","0,5","0,5","1","0,3","0,4","3,4"
"LAF-1","2011-09-12  09:47:24","108","9,76","302","8,5","20,4","=","45","-2","0,1","10,4","0,8","23,9","0,1","32180","0,1","0,1","2,7","0,3","9,73","19,8","1800,8","8980","16,1","1,1","13604","20","0,5","10","0,2","1,1","0,5","0,5","1","0,3","0,3","3"
"MEA-0.4","2011-05-10  11:39:11","120","12,94","1179","8,2","12,2","=","20000","1","0,1","86","0,2","50","0,1","98720","0,1","0,2","2,7","0,3","2,544","213,2","2736","25740","24,9","2,4","79260","154,8","2,1","66","0,7","7,4","0,5","0,5","1","1,5","0,6","7"
"MEA-0.4","2011-06-08  10:06:12",,,"1198","7,7","14,9","=","550","1","0,1","59,2","0,3","57,8","0,1","103878","0,1","0,2","2,8","0,3","2,218","227,6","3448","28460","30,6","3,3","91540","242,9","1,9","98","0,5","3,4","0,5","0,5","1","1,6","0,6","9,7"
"MEA-0.4","2011-06-27  11:28:22","72","6,85","1135","7,9","16,8","=","1500","-2","0,1","43,2","0,3","57,8","0,1","110976","0,1","0,2","2,9","0,3","1,995","213,6","3788","28660","28,3","3,2","90180","116,9","1,8","111","0,4","2,4","0,5","0,5","1","1,4","0,8","5,5"
"MEA-0.4","2011-08-29  10:55:52","85","8,08","1167","7,8","17,3","=","3400","0","0,1","117,7","0,5","63,9","0,1","104552","0,1","0,3","3,3","0,8","3,748","268","3928","24440","24,3","5,1","78620","58,1","2,9","67","1,3","11,2","0,5","0,5","1","1,8","0,7","14,4"
"MEA-0.4","2011-09-19  10:23:20","87","8,73","1084","8,1","14,6","=","20000","1","0,1","87","0,2","57,7","0,1","107396","0,1","0,2","2,8","0,8","2,826","224,2","3802","28160","18","3,3","82260","111,8","2,4","71","0,8","23,4","0,5","0,5","1","1,4","0,6","7,9"
"MEA-0.4","2011-11-07  10:59:18","67","7,78","983","7,9","8,9","=","640","1","0,1","63,4","0,3","48,9","0,1","96700","0,1","0,2","2,9","0,7","2,73","194,2","3432","24920","17,8","2,7","76360","45,7","2,3","63","0,7","3,5","0,5","0,5","1","1,2","0,5","16,2"
"MEA-0.4","2011-11-21  10:53:41","83","10,7","1001","8,2","4,4","=","4600","1","0,1","71,7","0,3","49","0,1","94940","0,1","0,2","3,3","0,9","4","216,2","3606","24780","17,8","2,7","75820","43,1","2,3","90","0,8","3,3","0,5","0,5","1","1,3","0,6","14,7"
"MON-0.0","2011-05-03  14:58:14","115","12,73","1599","7,6","10,8","=","470","0","0,1","160,1","0,5","39,2","0,1","76240","0,1","0,3","3,7","1,1","4,496","338,4","3226","13018","39,9","1,9",,"32,2","1,5","62","1,2","14,1","0,5","0,5","1","0,6","1,1","15,1"
"MON-0.0","2011-06-13  14:15:28","102","10,07","436","8","15,6","=","4700","0","0,1","723","0,6","49,2","0,1","42520","0,1","0,6","4","2,5","7,308","902,6","2628","6478","46,7","1,1","34060","114,3","2,2","101","3","43","0,5","0,5","1","0,3","2,6","25,9"
"MON-0.0","2011-07-18  13:37:31","89","7,64","619","7,9","22,6","=","210","1","0,1","913,2","0,8","58,2","0,1","52340","0,1","0,8","5,8","4,6","9,882","1403,6","2660","10138","60,6","1,6","52200","62,8","3,6","127","4,1","51,4","0,595","0,5","1","0,4","3","27,5"
"MON-0.0","2011-09-06  13:06:16","99","9,07","459","8,1","19,6","=","1600","0","0,1","405,8","0,6","43,7","0,1","42440","0,1","0,4","4,7","1,9","5,996","609,8","2706","7486","29,4","1,4","36180","55,9","2","100","2","21,4","0,5","0,5","1","0,3","2","16,9"
"MON-0.0","2011-09-12  14:16:55","104","9,43","645","8,2","19,8","=","340","-2","0,1","202,2","0,5","46,5","0,1","55380","0,1","0,2","4,4","1,1","3,08","376,6","3058","12052","25,8","1,4","55100","20","1,4","50","0,6","5,6","0,5","0,5","1","0,5","1,1","6,1"
"MON-0.0","2011-10-24  12:01:25","92","10,39","667","8","9,9","=","45","1","0,1","83,7","0,4","51,1","0,1","65080","0,1","0,2","3,4","1,2","2,908","241,2","3312","12620","26,7","1,5","51960","20","1,5","45","0,4","3,1","0,5","0,9","1","0,6","0,8","7,7"
"MON-0.0","2011-11-09  13:03:47","99","11,12","693","8,1","10,1","=","99","-1","0,1","88,5","0,5","55,5","0,1","64420","0,1","0,2","3,8","1","3,574","253,2","3356","14820","22,7","2","60200","20","1,4","40","0,3","2,9","0,5","0,5","1","0,5","0,6","10,1"
"MON-2.8","2011-05-03  14:44:41","102","11,37","1503","7,6","10,3","=","1200","0","0,1","789","0,8","58,4","0,1","85740","0,111","1","4","4,7","15,724","1722,4","3300","12412","78,8","2,2",,"72,6","3,5","139","6","97,7","1,339","0,5","1","0,6","3,2","77,9"
"MON-2.8","2011-06-13  14:03:27","85","8,4","431","7,9","15,8","=","2700","0","0,1","520,6","0,6","46,3","0,1","41960","0,1","0,5","4,3","1,6","6,158","616,6","2646","6700","36,8","1,5","34560","119,6","1,7","77","2,5","30,8","0,5","0,5","1","0,3","2,1","23,2"
"MON-2.8","2011-07-18  13:17:32","82","7,01","619","7,8","22,7","=","1000","1","0,1","339","0,7","51,6","0,1","47920","0,1","0,5","6,9","1,7","8,336","623,4","2760","9506","46,4","1,9","55640","33","1,9","104","2,9","23,6","0,675","0,5","1","0,3","2,4","30,3"
"MON-2.8","2011-09-06  12:51:33","87","7,91","440","8,1","19,8","=","3700","0","0,1","271,6","0,6","44,2","0,1","41660","0,1","0,4","4,6","1,1","6,022","470,8","2600","6868","31,5","1,4","32820","51,6","1,5","96","2","21,5","0,5","0,5","1","0,3","1,7","17,4"
"MON-2.8","2011-09-12  13:56:30","125","10,98","723","8,4","22,1","<","10","-2","0,1","104,4","0,6","51,5","0,1","58260","0,1","0,2","4,1","1,5","4,922","316,6","3666","13584","29,8","2","64480","31","1,4","75","1,1","9,9","0,5","0,5","1","0,5","1","7,8"
"MON-2.8","2011-10-24  11:47:26","71","7,53","583","8","12,4","=","170","1","0,1","179,9","0,5","51,7","0,1","55420","0,1","0,5","3,4","1,9","5,078","342,6","3112","10924","35,2","1,6","45960","104,9","1,5","77","1","13,3","0,5","0,9","1","0,6","1,1","12,1"
"MON-2.8","2011-11-09  11:59:53","65","7,24","665","7,8","10,6","=","530","-1","0,1","54,8","0,6","61,2","0,1","60600","0,1","0,3","3,7","2","6,88","214,6","3576","15010","33,4","2,1","59160","37,9","1,3","95","0,6","7,5","0,5","0,5","1","0,5","0,5","8,6"
"MON-4.0","2011-05-03  14:16:50","112","12,31","854","7,7","11,1","=","250","0","0,1","67,7","0,5","41","0,1","69980","0,1","0,2","4,7","0,5","5,266","216,2","2986","14848","26,9","1,1","74540","58,6","1,5","49","0,7","8,4","0,5","0,5","1","0,8","0,7","11,8"
"MON-4.0","2011-06-13  13:31:30","92","8,72","440","8","17,5","=","5300","0","0,1","223","0,5","33,7","0,1","40840","0,1","0,2","4,4","0,8","4,558","358,4","2458","8246","24,7","1","31500","63,6","1,4","96","1,4","17,3","0,5","0,5","1","0,4","1,4","13,5"
"MON-4.0","2011-07-18  12:52:12","112","9,18","585","8,3","26,2","=","4100","1","0,2","254,8","1,1","52,8","0,1","52700","0,1","0,4","6,9","1,2","7,472","685,2","3322","12272","44,1","1,5","46340","20","2,1","128","3,8","36,3","0,87","0,5","1","0,6","2,5","17"
"MON-4.0","2011-09-06  12:26:40","88","7,79","366","8,3","20,4","=","1500","0","0,1","199","0,6","32,1","0,1","39400","0,1","0,3","4,6","0,9","5,824","404,6","2240","7042","31,7","1","22960","59,7","1,3","99","1,8","17,8","0,5","0,5","1","0,3","1,7","14,8"
"MON-4.0","2011-09-12  13:21:36",,,"514","8,9","23,6","=","210","-2","0,1","159","2,5","49,6","0,1","54340","0,1","0,3","17,4","1,3","4,518","575,6","3402","11536","66,4","1,1","36320","25,9","1,7","386","1,8","82,3","0,5","0,5","1","0,6","1,6","14"
"MON-4.0","2011-10-24  11:19:01","50","5,35","494","7,9","12,1","=","580","1","0,1","115,6","0,6","47,3","0,1","53640","0,1","0,3","3,5","1,5","4,364","393,4","3044","10314","49","1,4","34260","112,7","1,6","56","1,1","10,4","0,5","0,7","1","0,6","0,9","10,6"
"MON-4.0","2011-11-09  10:57:45","77","8,72","582","8","9,7","=","90","-1","0,1","58,1","0,5","50,9","0,1","61180","0,1","0,2","4","0,7","3,202","336","3450","12996","40,2","1,3","41200","102,8","1,5","44","0,7","6,3","0,5","0,5","1","0,5","0,6","7,9"
"MON-i","2011-05-03  14:34:28","105","11,7","1120","7,6","10,3","=","2700","0","0,1","1602","1","456,8","0,116","84320","0,191","1,8","13,4","6,1","23,14","2424","3164","8820","94,6","3,1","147290","207,3","5,4","276","10,8","187,2","1,189","0,5","1","0,5","6,2","104,6"
"MON-i","2011-06-13  13:52:04","96","9,84","476","8","14","=","2400","0","0,1","532,4","0,8","34,7","0,1","43440","0,1","0,4","5","2,1","12,648","600,4","2726","6876","26,5","1,7","41860","60","1,8","83","2,7","23,4","0,513","0,5","1","0,3","2,2","27,5"
"MON-i","2011-07-18  13:08:26","97","9,32","400","8,2","17,2","=","4100","1","0,1","1484","0,9","43,7","0,1","43500","0,1","1","5,5","5","22,34","1918","2082","6720","48,8","1,6","27960","47,2","3,5","139","6,8","67,7","0,993","0,5","1","0,3","5","74,8"
"MON-i","2011-09-06  12:40:40","92","8,49","560","8","19,3","=","3000","0","0,1","446","0,7","44,7","0,1","53080","0,1","0,5","6,8","1,6","12,088","783,4","3312","9416","35,9","1,7","47280","20","2,1","116","4,3","29,4","0,5","0,5","1","0,5","2,2","23,8"
"MON-i","2011-09-12  13:40:42","89","8,33","2345","7,7","18","=","310","-2","0,1","84,1","0,7","49,5","0,1","102290","0,1","0,4","5","1,4","10,844","187,8","9588","40480","24,6","2,4","300996","82,6","2","53","0,3","5,1","0,5","0,5","1","1","0,7","8,1"
"MON-i","2011-10-24  11:35:41","95","9,53","738","8","15,4","=","420","1","0,1","33,5","0,5","42,3","0,1","66880","0,1","0,2","3","0,7","10,786","124,2","3248","15394","16,2","5,4","64440","20","1,1","85","0,2","1,3","0,5","0,5","1","0,7","0,5","13,3"
"MON-i","2011-11-09  11:29:15","85","8,63","566","8","14,3","=","900","-1","0,1","24,4","0,5","35,8","0,1","54480","0,1","0,2","2,7","11,2","15,04","99,7","2966","13488","15,7","5,8","44040","32","0,8","88","0,2","2,1","0,5","0,5","1","0,5","0,3","7"
"PAP-1","2011-05-03  15:57:08","110","11,41","632","7,9","13,7","=","90","0","0,1","146,6","1,1","40,5","0,1","60440","0,1","0,3","9,8","0,5","1,312","364","5944","24920","89,8","1","39040","35,8","1,4","106","0,5","12","0,5","0,5","1","3,2","2,5","3"
"PAP-1","2011-06-13  15:12:19","89","8,58","505","8,1","17,1","=","220","0","0,1","59,2","2,3","26,1","0,1","32200","0,1","0,2","14,9","0,4","0,762","680","2144","23940","120","1,6","47120","20","1,2","278","0,3","4,1","0,5","1","1,1","1,3","2,6","3"
"PAP-1","2011-07-18  14:29:02","53","3,52","549","7,7","29,6","=","230","1","0,1","237,4","1,6","34,3","0,1","32000","0,1","0,3","19,7","0,6","0,997","729,4","2150","23740","305,4","1","45220","26,3","1,3","243","0,4",,"0,5","0,5","1","0,7","2,2","3,9"
"PAP-1","2011-09-06  13:54:00","95","8,37","322","8,4","21","=","230","0","0,1","746,4","2,2","36,6","0,1","37060","0,1","0,5","13,2","1,7","2,764","1467,6","3608","9852","296,6","1","12554","20","1,8","275","1,4","41","0,5","0,5","1","0,5","2,9","8,8"
"PAP-1","2011-09-12  15:04:54","99","8,46","337","8","22,9","=","27","-2","0,1","54,1","1,1","31","0,1","38260","0,1","0,1","13","0,3","0,606","1087,4","2992","10668","254","1","15990","20","0,8","178","0,3","7,1","0,5","0,5","1","0,5","1,6","3"
"PAP-1","2011-10-24  13:45:59","101","11","330","8,3","11,6","=","63","1","0,1","64,9","0,7","24,2","0,1","31580","0,1","0,1","10,2","0,8","1,071","326,8","5518","10262","47,3","1","15360","49,4","1,1","110","0,3","3,9","0,5","0,5","1","0,6","1,5","4,1"
"PAP-1","2011-11-09  13:56:46","90","10,13","435","8,2","10,4","<","10","-1","0,1","171,1","1,2","43","0,1","46260","0,1","0,2","9,7","0,7","1,05","581,8","7232","15230","120,5","1","23460","300,8","1,2","131","0,5","8,5","0,5","0,5","1","1,5","1,8","12,6"
"PAP-golf","2011-05-03  16:09:16","107","11,68","730","8","11,2","=","600","0","0,1","407","0,9","35,3","0,1","75720","0,1","0,4","8,2","0,8","2,654","914","3380","30120","139,3","1","39620","20","2,1","84","0,6","13,2","0,574","0,5","1","4,9","1,4","5,5"
"PAP-golf","2011-06-13  15:21:29","83","8,4","518","8","14,8","=","1500","0","0,1","145,5","1,2","18,2","0,1","47380","0,1","0,5","16,5","0,5","10,28","734","4680","24540","94,9","1,5","30940","97,8","2,3","225","0,5","8,9","0,5","0,5","1","1,8","1,6","6,9"
"PAP-golf","2011-09-06  14:02:04","79","7,68","492","8","18,7","=","370","0","0,1","319,2","1,4","31,1","0,1","52680","0,1","0,6","29,6","0,8","6,642","767,6","10788","19122","49,6","1,5","22240","29,8","3","263","0,6","34,7","0,559","0,5","1","1,8","1,9","9,7"
"PAP-golf","2011-10-24  13:58:03","71","7,84","722","7,9","10,4","<","10","1","0,1","68,5","0,6","31","0,1","76260","0,1","0,2","10","0,5","1,782","339,2","4716","31600","52,7","1","40820","25,7","2,4","691","0,2","2,1","0,5","0,5","1","5,2","0,9","3"
"PAQ-1","2011-05-17  09:27:33","98","10,91","293","8,2","10,6","=","27","-1","0,1","55,8","0,5","20,8","0,1","29060","0,1","0,1","4,2","0,3","0,915","183","2186","4154","12,4","1","18282","20","0,5","17","0,2","2,4","0,5","0,5","1","0,3","0,5","3"
"PAQ-1","2011-06-15  09:49:33","105","9,96","298","7,3","17,9","=","190","-2","0,1","117","0,7","23,4","0,1","33160","0,1","0,1","2,9","0,3","1,193","210,2","1603,2","7372","17","1","12818","20","0,6","19","0,2","4,2","0,5","0,5","1","0,3","0,8","3,6"
"PAQ-1","2011-07-05  09:53:00","105","9,2","308","8,2","21,9","=","130","-2","0,1","110,8","0,7","23,8","0,1","33100","0,1","0,1","4,5","0,3","1,154","187","1449","7942","15,2","1,1","13292","20","0,6","18","0,2","2,8","0,5","0,5","1","0,3","0,8","3,6"
"PAQ-1","2011-08-31  09:40:46","106","9,87","294","8,5","18,7","=","18","-2","0,1","128,9","0,7","22,1","0,1","33520","0,1","0,1","4,1","0,3","1,209","246,2","1157,4","7122","18,9","1,2","10622","20","0,6","28","0,2","5,3","0,5","0,5","1","0,2","0,9","4,9"
"PAQ-1","2011-09-27  09:27:52","86","8,09","335","8,3","18,5","<","10","-1","0,1","76,2","0,8","25,3","0,1","35140","0,1","0,1","3","0,6","1,121","261,2","1488,2","8414","11,1","1,4","12664","20","0,5","80","0,2","2,6","0,5","0,5","1","0,3","0,7","3"
"PAQ-1","2011-11-01  09:44:32","95","11,4","333","8,2","7,4","<","10","1","0,1","49,8","0,5","23,8","0,1","35140","0,1","0,1","2,5","0,6","1,194","125,4","1656,8","8082","6,5","1","12114","20","0,5","11","0,2","1,4","0,5","0,5","1","0,3","0,5","13"
"PAQ-1","2011-11-16  09:49:50","94","10,99","335","8,3","8,3","<","10","-1","0,1","36,9","0,7","25,1","0,1","38440","0,1","0,1","3,1","0,4","1,295","129,6","1996","9258","6,4","1","17016","20","0,5","23","0,2","2,2","0,5","0,5","1","0,3","0,3","13"
"PIB-2","2011-05-11  10:32:06","94","9,51",,"8,3",,"<","10","1","0,1","5","1,3","35,2","0,1","52040","0,1","0,1","7,4","0,3","0,5","79,3","968,8","10400","12,4","1","3572","20","0,5","23","0,2","0,9","0,5","0,5","1","0,1","0,3","3"
"PIB-2","2011-06-07  09:48:01","119","10,68","250","8","23,5","<","10","1","0,1","5","2,1","24,5","0,1","32400","0,1","0,1","10,4","0,3","1,062","56,1","270,6","10730","15,8","1","3716","44,1","0,5","23","0,2","1,4","0,5","0,5","1","0,1","0,4","3"
"PIB-2","2011-06-20  10:47:47","97","8,21","266","8,4","23,6","=","27","-2","0,1","5,5","2,8","31,1","0,1","36020","0,1","0,1","12","0,3","1,265","90","525,2","10684","21,6","1","4278","20","0,5","22","0,2","1,4","0,5","0,5","1","0,1","0,5","3"
"PIB-2","2011-07-19  10:14:55","70","5,74","288","8","25,6","=","18","1","0,1","5","2,9","34,8","0,1","38440","0,1","0,1","14,6","0,6","0,788","82,1","1267,4","11184","19,4","1","4860","20","0,5","28","0,2","1,8","0,5","0,5","1","0,1","0,4","3"
"PIB-2","2011-10-03  09:28:02",,,"386","7,7","12","=","18","0","0,1","5,1","1,7","42","0,1","53980","0,1","0,1","12,5","0,3","1,116","105,3","1190,4","10974","21,3","1","3968","665,9","0,5","22","0,2","0,5","0,5","0,5","1","0,1","0,2","3"
"PIB-2","2011-10-18  09:39:48","76","8,58","413","7,8","10","=","54","-2","0,1","8,4","1,5","39,9","0,1","56740","0,1","0,1","11,3","0,3","0,5","76,1","1091,8","10592","13,9","1","3982","648,9","0,5","22","0,2","1,1","0,5","0,5","1","0,1","0,4","3,1"
"PIB-2","2011-11-14  09:45:06","86","10,34","413","8,7","7,5","<","10","1","0,1","13","1,3","38,8","0,1","65620","0,1","0,1","11,3","1","0,76","78,6","1202,2","13012","13","1","4892","412,6","0,5","25","0,2","1,4","0,5","0,5","1","0,2","0,2","7,4"
"PIB-3","2011-05-11  10:58:09","72","7,53","692","7,8","12,9","<","10","1","0,1","6,6","0,2","117","0,1","87580","0,1","0,1","3,8","0,3","0,559","85,7","1722","30020","34","1","12304","20","0,7","28","0,2","0,9","0,5","0,5","1","0,6","0,3","3"
"PIB-3","2011-06-07  10:08:10",,,"720","7,4","18,1","=","18","1","0,1","16,2","0,5","110,1","0,1","87920","0,1","0,1","6,2","0,3","0,5","177,8","615,4","32860","96,3","1","20700","20","0,9","89","0,2","1,8","0,5","0,5","1","0,2","0,3","3"
"PIB-3","2011-06-20  11:12:30","46","4,15","733","7,5","19,6","=","45","-2","0,1","13,6","0,7","125,8","0,1","87660","0,1","0,2","7,7","0,3","0,853","303","617,2","33440","243,2","1","22520","20","1,1","102","0,2","1,7","0,5","0,5","1","0,1","0,3","3"
"PIB-3","2011-10-03  09:54:39",,,"650","7,2","12,3","=","36","0","0,1","37,1","0,6","116,2","0,1","66100","0,1","0,2","11,2","0,3","0,657","678","6268","23700","419","1","20960","20","0,9","193","0,2","4,1","0,5","0,5","1","0,1","0,2","3"
"PIB-3","2011-10-18  10:02:26","61","6,55","823","7,7","9,8","<","10","-2","0,1","307","0,6","157,1","0,1","92060","0,1","0,5","7,4","1,3","0,53","766,6","3036","29580","611","1,5","22700","33,6","1,7","48","0,3","12,9","0,5","0,5","1","0,5","0,9","3"
"PIB-3","2011-11-14  10:05:51","43","5,21","822","8","6,5","<","10","1","0,1","8,6","0,8","112,6","0,1","93620","0,1","0,2","5","0,5","0,5","294,4","2954","32020","120,4","1","25040","20","1","30","0,2","1,2","0,5","0,5","1","0,4","0,2","5,2"
"PIN-0.0","2011-05-03  15:37:56","110","11,97","1178","7,6","11,3","=","360","0","0,1","1337,2","0,8","70,6","0,114","159988","0,107","1,5","6,2","3,6","8,112","2446","15412","32200","172,8","1,7","82160","20","5,3","162","12,3",,"0,5","2,1","1","1,4","4","40,9"
"PIN-0.0","2011-06-13  14:51:35","99","10","964","8,3","14,8","=","1400","0","0,1","187,8","0,5","41,1","0,1","90460","0,1","0,3","7","0,6","1,919","344","13194","22260","22,3","2,3","80160","20","2,1","31","0,6","9,3","0,5","0,5","1","0,7","0,9","3,3"
"PIN-0.0","2011-09-06  13:36:53","97","9,32","1090","8,2","17,3","=","330","0","0,1","90,1","0,4","51","0,1","114864","0,1","0,2","6,9","0,3","1,707","168,9","11714","24540","9,9","1,9","78080","20","1,6","20","0,3","3,6","0,5","0,5","1","0,9","0,7","3"
"PIN-0.0","2011-09-12  14:50:52","96","8,75","1359","8,1","19,5","=","530","-2","0,1","51,8","0,5","52,4","0,1","108352","0,1","0,2","7,3","0,3","1,997","134","13732","33420","17,6","2,5","113984","20","1,6","12","0,3","6,5","0,5","0,6","1,2","1,3","0,7","3"
"PIN-0.0","2011-10-24  13:22:24","96","10,96","1162","8,1","9,4","=","18","1","0,1","46,8","0,4","51,5","0,1","134044","0,1","0,2","5,7","0,4","1,272","139,2","11408","30460","11","1,8","86180","20","1,4","14","0,2","2,4","0,5","0,5","1","1,3","0,6","3,2"
"PIN-0.0","2011-11-09  13:38:47","82","9,39","1358","8","9,2","<","10","-1","0,1","123,3","0,4","53,6","0,1","134488","0,1","0,2","6,5","0,8","1,777","349,4","17496","40960","25,6","1,5","112360","20","1,7","26","0,8","7,7","0,5","0,5","1","1,3","0,6","3,3"
"PIN-1.6","2011-05-03  15:27:24","114","12,7","1302","7,7","10,5","=","36","0","0,1","309,2","0,4","56,4","0,1","160466","0,1","0,5","5,8","0,7","2,354","671,4","16870","33900","134,4","2,2","86180","20","3,3","39","0,7","27,9","0,5","2,8","1","1,2","1,2","6,4"
"PIN-1.6","2011-06-13  14:42:10","98","9,87","1039","8","14,7","=","450","0","0,1","66,8","0,4","41,6","0,1","94800","0,1","0,2","6,5","0,5","1,735","193,1","13112","21460","38,9","2,8","84520","20","2,1","20","0,2","2,4","0,5","0,5","1","0,7","0,6","3"
"PIN-1.6","2011-07-18  14:06:09","91","7,81","1482","8","22,8","=","420","1","0,1","266","0,8","72,4","0,1","132638","0,1","0,3","7,5","0,5","1,955","625,6","21820","44700","108,2","2,4","113390","20","3,2","19","0,5","80,3","0,5","0,5","1","0,7","1,4","3,7"
"PIN-1.6","2011-09-06  13:29:44","93","8,85","1154","8","17,4","=","210","0","0,1","76,3","0,4","53,6","0,1","120822","0,1","0,2","7","0,4","1,477","217,4","12074","25320","46,8","2,3","88680","20","1,8","19","0,2","3,1","0,5","0,5","1","0,9","0,7","3"
"PIN-1.6","2011-09-12  14:40:02","99","9,23","1535","8","18,7","=","300","-2","0,1","21,5","0,3","60,5","0,1","132550","0,1","0,2","6,9","0,3","1,425","145,2","15054","37120","40,2","1,6","118692","20","2","189","0,2",,"0,5","0,5","1","0,9","0,5","3"
"PIN-1.6","2011-10-24  13:08:24","99","11,38","1260","8","8,9","=","54","1","0,1","372,2","0,4","57,5","0,1","146140","0,1","0,4","5,6","1","1,697","602,2","11628","31080","79,8","1,7","91860","20","2,2","23","0,8","13,9","0,5","0,5","1","1,3","1,2","4,2"
"PIN-1.6","2011-11-09  13:25:43","95","10,94","1454","7,9","8,9","<","10","-1","0,1","34","0,3","60,9","0,1","156438","0,1","0,2","6,2","0,5","1,772","187,2","19718","43200","36,8","1,9","116400","20","1,9","9","0,2","1,5","0,5","0,5","1","1,2","0,4","5,7"
"SMI-0.8","2011-05-10  11:14:12",,,"2394","8,2","13,1","<","10","1","0,1","40","0,2","62","0,1","154290","0,1","0,4","3,8","0,3","1,36","586","9976","40500","80","5,6","250754","113,2","2,6","14","0,3","4,8","0,5","0,5","1","1","0,6","5,9"
"SMI-0.8","2011-06-08  09:49:04",,,"2305","8","16,8","=","910","1","0,1","31,6","0,3","57","0,1","167098","0,1","0,3","3,3","0,3","1,429","537,6","9622","43600","93","6,4","237590","89,8","2,4","23","0,3","3,1","0,5","0,5","1","0,9","0,5","5,8"
"SMI-0.8","2011-06-27  11:07:30","113","10,5","2171","8","18,7","=","320","-2","0,1","173,7","0,4","69,4","0,1","160808","0,1","0,5","3,4","0,6","2,676","825,6","10550","41340","72,1","5,4","234626","183,9","2,8","34","1,4","15,8","0,5","0,5","1","0,9","1,4","16"
"SMI-0.8","2011-08-29  10:35:41","90","8,82","1098","7,9","16,7","=","550","0","0,1","249","0,6","41,8","0,1","71660","0,158","0,4","4,2","1","3,164","440","5852","14536","26,5","3,8",,"168,2","2,2","44","0,8","5,4","0,5","0,5","1","0,8","1,3","22"
"SMI-0.8","2011-09-19  09:45:20","92","9,64","2262","7,4","13","=","27","1","0,1","230,2","0,2","75,3","0,1","171182","0,1","0,4","3,4","1","1,473","667,6","10510","44660","64,1","11,6","260556","20","2,5","31","0,8","20,8","0,5","0,5","1","0,9","1","11,3"
"SMI-0.8","2011-11-07  10:39:01","92","10,8","2294","7,8","8","<","10","1","0,1","184,4","0,4","60,5","0,1","153322","0,1","0,3","3,1","1","2,806","648","7986","40140","62,4","6,9","212658","20","2","31","1,5","17,9","0,5","0,5","1","0,6","1","14,6"
"SMI-0.8","2011-11-21  10:19:29","96","12,24","2276","7,8","4,6","<","10","1","0,1","61","0,3","67,3","0,1","173784","0,1","0,2","3,3","0,6","1,4","285,8","9036","44960","63,3","4","234642","20","1,8","12","0,5","8,1","0,5","0,5","1","0,6","0,6","16,1"
"TER-0.0","2011-05-10  13:42:17","106","11,06","147","8,6","12,4","<","10","1","0,1","461,2","0,3","20,4","0,1","13998","0,1","0,2","4,2","0,9","1,935","505","1001","3288","17,7","1","8134","26,7","1","29","0,5","6,5","0,5","0,5","1","0,1","1,1","5,4"
"TER-0.0","2011-06-08  11:19:50",,,"1044","8,1","16,2","<","10","1","0,1","149","0,5","42,4","0,1","72160","0,1","0,2","3","0,4","2,702","188,4","3526","18236","10,7","1,9",,"82,8","2","79","0,4","4","0,5","0,5","1","1","1,1","13,6"
"TER-0.0","2011-08-29  12:00:48","103","9,77","987","8,2","17,7","=","730","0","0,1","791,6","0,5","49,1","0,1","76020","0,1","0,5","3,2","3,5","3,32","917,4","3994","22680","19,2","3,9","72180","20","2,9","54","0,8","15,7","0,5","0,5","1","2,1","2,4","12,8"
"TER-0.0","2011-09-19  11:30:34","103","10,04","687","8,3","16,4","=","140","1","0,1","77,8","0,3","31,6","0,1","52740","0,1","0,1","2,5","0,9","1,62","111,9","2636","13568","5,5","1,7","64940","21,1","0,8","58","0,2","2,4","0,5","0,5","1","0,7","1,1","5"
"TER-0.0","2011-11-07  12:15:50","100","11,31","744","8,2","9,8","=","430","0","0,1","50,1","0,4","32","0,1","59740","0,1","0,1","2,6","0,6","1,552","78,5","2842","14088","4","2,9","88180","20","1","75","0,2","1,1","0,5","0,5","1","0,8","0,8","13,1"
"TER-0.0","2011-11-21  12:17:58","104","12,52","460","8,4","7,3","=","230","1","0,1","270","0,4","24,5","0,1","37080","0,1","0,2","4,3","1","1,7","340,8","2066","8872","12,4","1,2","35000","20","1","48","0,4","3,6","0,5","0,5","1","0,5","1,1","11,6"
"TER-0.6","2011-05-10  13:25:01","76","8,16","1512","7,9","11,5","<","10","1","0,1","23,6","0,2","59,1","0,1","105268","0,1","0,1","3,1","0,3","2,042","39,2","3698","27440","1,3","1,8","138264","20","1,2","40","0,4","0,5","0,5","0,5","1","2,1","0,9","10,3"
"TER-0.6","2011-06-08  10:55:59",,,"881","7,5","15,9","=","27","1","0,1","348,2","0,5","44,5","0,1","72420","0,1","0,3","3","1,1","4,174","427,8","3510","17996","20,5","1,9","79440","111,7","2,7","110","1,2","16,6","0,5","0,5","1","0,9","1,7","21,3"
"TER-0.6","2011-06-27  12:19:48","63","5,95","578","7,9","18","=","140","-2","0,1","147,6","0,5","32,6","0,1","58400","0,1","0,1","2,5","0,5","2,268","198,1","2474","11796","11,8","1,4","44720","20","1,3","63","0,6","2,5","0,5","0,5","1","0,5","1,5","9"
"TER-0.6","2011-08-29  11:42:18","91","8,66","917","8,1","17,5","=","1500","0","0,1","891","0,5","51,1","0,1","72300","0,1","0,6","3,2","3,8","5,84","1014,6","3890","20600","20,1","4,2","59480","20","3","60","1","19,6","0,5","0,5","1","2","2,7","15,7"
"TER-0.6","2011-09-19  11:11:19","90","8,81","566","8,3","16","=","210","1","0,1","173,5","0,3","28,3","0,1","47120","0,1","0,1","2,5","1,1","2,03","229,6","2364","11934","9,3","1,5","40600","20","0,9","69","0,6","8,6","0,5","0,5","1","0,6","1,3","8"
"TER-0.6","2011-11-07  11:58:14","74","8,39","645","8,2","9,9","=","390","0","0,1","54,7","0,4","28,5","0,1","54600","0,1","0,1","2,3","0,6","1,684","75,5","2552","12346","3,3","3","55560","20","0,9","86","0,2","1,3","0,5","0,5","1","0,7","0,8","5,1"
"TER-0.6","2011-11-21  11:52:18","79","9,36","566","8,5","7,9","=","210","1","0,1","60,1","0,4","26,8","0,1","53460","0,1","0,1","2,3","0,7","1,5","79,2","2696","12136","2,7","1,7","40900","20","0,9","67","0,2","3,4","0,5","0,5","1","0,6","0,9","5,8"
